股票代码,股票名称,交易日期,开盘价,最高价,最低价,收盘价,前收盘价,成交量,成交额,收盘价_3天均值,收盘价_3天最大值,收盘价_3天最小值,收盘价_至今均值,收盘价_最大值
sh600000,浦发银行,2023-08-08,7.47,7.55,7.43,7.52,7.52,27001200,202344900,,,,7.52,7.52
sh600000,浦发银行,2023-08-09,7.5,7.55,7.47,7.55,7.52,17792600,133937300,,,,7.535,7.55
sh600000,浦发银行,2023-08-10,7.45,7.46,7.35,7.42,7.55,52865300,391107900,7.496666666666666,7.55,7.42,7.496666666666666,7.55
sh600000,浦发银行,2023-08-11,7.44,7.44,7.23,7.23,7.42,37051100,270665800,7.3999999999999995,7.55,7.23,7.43,7.55
sh600000,浦发银行,2023-08-14,7.18,7.2,7.05,7.1,7.23,44245500,315007700,7.25,7.42,7.1,7.364,7.55
sh600000,浦发银行,2023-08-15,7.12,7.19,7.09,7.17,7.1,31218700,222582900,7.166666666666667,7.23,7.1,7.331666666666667,7.55
sh600000,浦发银行,2023-08-16,7.15,7.19,7.12,7.14,7.17,22954000,163923300,7.136666666666667,7.17,7.1,7.304285714285713,7.55
sh600000,浦发银行,2023-08-17,7.13,7.14,7.05,7.1,7.14,37202500,263599000,7.136666666666666,7.17,7.1,7.27875,7.55
sh600000,浦发银行,2023-08-18,7.1,7.17,7.07,7.07,7.1,28150600,200372000,7.103333333333334,7.14,7.07,7.2555555555555555,7.55
sh600000,浦发银行,2023-08-21,7.06,7.11,6.96,6.96,7.07,42517700,298419500,7.043333333333333,7.1,6.96,7.226000000000001,7.55
sh600000,浦发银行,2023-08-22,6.98,7.04,6.97,7.01,6.96,32940000,230491400,7.013333333333333,7.07,6.96,7.206363636363636,7.55
sh600000,浦发银行,2023-08-23,7.01,7.09,6.98,7.02,7.01,30151400,212210300,6.996666666666666,7.02,6.96,7.190833333333333,7.55
sh600000,浦发银行,2023-08-24,7.03,7.06,6.98,6.99,7.02,24605000,172413200,7.006666666666667,7.02,6.99,7.1753846153846155,7.55
sh600000,浦发银行,2023-08-25,6.99,7.09,6.97,7.05,6.99,24703800,174021400,7.0200000000000005,7.05,6.99,7.166428571428571,7.55
sh600000,浦发银行,2023-08-28,7.3,7.32,7.12,7.15,7.05,66648100,480922500,7.0633333333333335,7.15,6.99,7.165333333333334,7.55
sh600000,浦发银行,2023-08-29,7.2,7.2,7.03,7.07,7.15,50437500,357554800,7.09,7.15,7.05,7.159375,7.55
sh600000,浦发银行,2023-08-30,7.1,7.1,7.01,7.03,7.07,28718300,202072800,7.083333333333333,7.15,7.03,7.151764705882353,7.55
sh600000,浦发银行,2023-08-31,7.03,7.09,6.98,6.98,7.03,32933200,231268200,7.026666666666667,7.07,6.98,7.142222222222222,7.55
sh600000,浦发银行,2023-09-01,6.99,7.04,6.99,7.01,6.98,21793000,152752400,7.006666666666667,7.03,6.98,7.1352631578947365,7.55
sh600000,浦发银行,2023-09-04,7.06,7.14,7.03,7.11,7.01,36814300,261369400,7.033333333333334,7.11,6.98,7.134,7.55
sh600000,浦发银行,2023-09-05,7.1,7.12,7.03,7.04,7.11,22326800,157581000,7.053333333333334,7.11,7.01,7.12952380952381,7.55
sh600000,浦发银行,2023-09-06,7.02,7.09,7.02,7.09,7.04,16736500,118026800,7.080000000000001,7.11,7.04,7.127727272727273,7.55
sh600000,浦发银行,2023-09-07,7.09,7.1,7.02,7.04,7.09,20271900,143062800,7.0566666666666675,7.09,7.04,7.123913043478261,7.55
sh600000,浦发银行,2023-09-08,7.03,7.05,7.0,7.0,7.04,18416600,129109500,7.043333333333334,7.09,7.0,7.1187499999999995,7.55
sh600000,浦发银行,2023-09-11,7.02,7.09,7.0,7.04,7.0,24885000,175285100,7.026666666666667,7.04,7.0,7.1156,7.55
sh600000,浦发银行,2023-09-12,7.03,7.07,7.03,7.06,7.04,20976200,147913300,7.033333333333334,7.06,7.0,7.113461538461538,7.55
sh600000,浦发银行,2023-09-13,7.09,7.1,7.04,7.05,7.06,20049800,141654400,7.05,7.06,7.04,7.111111111111111,7.55
sh600000,浦发银行,2023-09-14,7.08,7.12,7.06,7.11,7.05,35579900,252575900,7.073333333333333,7.11,7.05,7.111071428571429,7.55
sh600000,浦发银行,2023-09-15,7.12,7.16,7.07,7.12,7.11,34081900,242512800,7.093333333333334,7.12,7.05,7.1113793103448275,7.55
sh600000,浦发银行,2023-09-18,7.09,7.1,7.03,7.07,7.12,22282100,157407900,7.1000000000000005,7.12,7.07,7.11,7.55
sh600000,浦发银行,2023-09-19,7.08,7.13,7.05,7.13,7.07,28234600,200455800,7.1066666666666665,7.13,7.07,7.110645161290323,7.55
sh600000,浦发银行,2023-09-20,7.12,7.15,7.08,7.13,7.13,16303000,116256800,7.109999999999999,7.13,7.07,7.11125,7.55
sh600000,浦发银行,2023-09-21,7.13,7.17,7.09,7.1,7.13,27307000,194557900,7.12,7.13,7.1,7.11090909090909,7.55
sh600000,浦发银行,2023-09-22,7.1,7.18,7.07,7.18,7.1,32181300,229743600,7.136666666666667,7.18,7.1,7.1129411764705885,7.55
sh600000,浦发银行,2023-09-25,7.18,7.2,7.13,7.16,7.18,30717400,220116900,7.146666666666667,7.18,7.1,7.114285714285714,7.55
sh600000,浦发银行,2023-09-26,7.17,7.19,7.12,7.15,7.16,21886000,156520400,7.163333333333333,7.18,7.15,7.115277777777777,7.55
sh600000,浦发银行,2023-09-27,7.19,7.19,7.11,7.13,7.15,32067300,229044800,7.146666666666666,7.16,7.13,7.115675675675675,7.55
sh600000,浦发银行,2023-09-28,7.15,7.17,7.1,7.1,7.13,22435300,159899400,7.126666666666666,7.15,7.1,7.115263157894737,7.55
sh600000,浦发银行,2023-10-09,7.08,7.08,7.0,7.03,7.1,27763100,195214400,7.086666666666667,7.13,7.03,7.113076923076924,7.55
sh600000,浦发银行,2023-10-10,7.13,7.14,7.01,7.01,7.03,24095600,169856200,7.046666666666667,7.1,7.01,7.1105,7.55
sh600000,浦发银行,2023-10-11,7.06,7.08,7.01,7.02,7.01,24057400,169371400,7.02,7.03,7.01,7.108292682926829,7.55
sh600000,浦发银行,2023-10-12,7.09,7.17,7.06,7.14,7.02,36347000,259223100,7.056666666666666,7.14,7.01,7.109047619047619,7.55
sh600000,浦发银行,2023-10-13,7.11,7.15,7.08,7.1,7.14,19650400,139772000,7.086666666666666,7.14,7.02,7.108837209302326,7.55
sh600000,浦发银行,2023-10-16,7.12,7.13,7.04,7.07,7.1,24907700,176097600,7.103333333333334,7.14,7.07,7.107954545454546,7.55
sh600000,浦发银行,2023-10-17,7.09,7.1,7.05,7.09,7.07,19029100,134630100,7.086666666666666,7.1,7.07,7.107555555555555,7.55
sh600000,浦发银行,2023-10-18,7.07,7.11,7.05,7.05,7.09,21485700,152063000,7.07,7.09,7.05,7.106304347826087,7.55
sh600000,浦发银行,2023-10-19,7.04,7.05,6.83,6.84,7.05,61679800,425956900,6.993333333333333,7.09,6.84,7.100638297872341,7.55
sh600000,浦发银行,2023-10-20,6.81,6.93,6.8,6.87,6.84,31068000,213203800,6.919999999999999,7.05,6.84,7.095833333333334,7.55
sh600000,浦发银行,2023-10-23,6.87,6.89,6.8,6.83,6.87,23824300,163199000,6.846666666666667,6.87,6.83,7.090408163265306,7.55
sh600000,浦发银行,2023-10-24,6.85,6.86,6.81,6.82,6.83,28129300,192108500,6.84,6.87,6.82,7.085,7.55
sh600000,浦发银行,2023-10-25,6.86,6.93,6.83,6.93,6.82,26841200,184734500,6.859999999999999,6.93,6.82,7.0819607843137256,7.55
sh600000,浦发银行,2023-10-26,6.93,7.02,6.89,6.96,6.93,24739500,172369000,6.903333333333333,6.96,6.82,7.079615384615384,7.55
sh600000,浦发银行,2023-10-27,6.96,7.02,6.94,6.99,6.96,19465800,136008300,6.96,6.99,6.93,7.077924528301887,7.55
sh600000,浦发银行,2023-10-30,6.86,6.89,6.77,6.8,6.99,52388900,357184200,6.916666666666667,6.99,6.8,7.072777777777778,7.55
sh600000,浦发银行,2023-10-31,6.79,6.84,6.78,6.82,6.8,26173200,178254000,6.87,6.99,6.8,7.068181818181818,7.55
sh600000,浦发银行,2023-11-01,6.83,6.88,6.8,6.86,6.82,28272200,193451600,6.826666666666667,6.86,6.8,7.064464285714286,7.55
sh600000,浦发银行,2023-11-02,6.9,6.95,6.86,6.94,6.86,24611100,170407900,6.873333333333334,6.94,6.82,7.0622807017543865,7.55
sh600000,浦发银行,2023-11-03,6.94,6.95,6.89,6.89,6.94,22202500,153480900,6.896666666666667,6.94,6.86,7.059310344827586,7.55
sh600000,浦发银行,2023-11-06,6.89,6.96,6.89,6.94,6.89,19432800,134702100,6.923333333333335,6.94,6.89,7.05728813559322,7.55
sh600000,浦发银行,2023-11-07,6.92,6.94,6.89,6.91,6.94,15913000,110004300,6.913333333333334,6.94,6.89,7.054833333333334,7.55
sh600000,浦发银行,2023-11-08,6.9,6.92,6.87,6.9,6.91,17761200,122454600,6.916666666666667,6.94,6.9,7.052295081967213,7.55
sh600000,浦发银行,2023-11-09,6.9,6.96,6.88,6.93,6.9,21910400,151983700,6.913333333333334,6.93,6.9,7.050322580645162,7.55
sh600000,浦发银行,2023-11-10,6.91,6.96,6.86,6.88,6.93,20459000,141085900,6.903333333333333,6.93,6.88,7.0476190476190474,7.55
sh600000,浦发银行,2023-11-13,6.88,6.9,6.82,6.88,6.88,14168100,97098300,6.896666666666666,6.93,6.88,7.045,7.55
sh600000,浦发银行,2023-11-14,6.87,6.91,6.87,6.88,6.88,13777500,94936100,6.88,6.88,6.88,7.042461538461538,7.55
sh600000,浦发银行,2023-11-15,6.93,6.99,6.91,6.96,6.88,24340000,169287000,6.906666666666666,6.96,6.88,7.041212121212122,7.55
sh600000,浦发银行,2023-11-16,6.97,6.98,6.92,6.93,6.96,14412900,100069400,6.923333333333333,6.96,6.88,7.03955223880597,7.55
sh600000,浦发银行,2023-11-17,6.94,6.94,6.85,6.86,6.93,20775400,142782000,6.916666666666667,6.96,6.86,7.0369117647058825,7.55
sh600000,浦发银行,2023-11-20,6.88,6.92,6.83,6.91,6.86,18326600,126205000,6.8999999999999995,6.93,6.86,7.035072463768116,7.55
sh600000,浦发银行,2023-11-21,6.94,7.0,6.92,6.96,6.91,29684300,206909200,6.91,6.96,6.86,7.034,7.55
sh600000,浦发银行,2023-11-22,6.97,6.99,6.94,6.94,6.96,17540800,122178500,6.936666666666667,6.96,6.91,7.032676056338028,7.55
sh600000,浦发银行,2023-11-23,6.93,6.96,6.89,6.93,6.94,15742100,108872500,6.943333333333334,6.96,6.93,7.03125,7.55
sh600000,浦发银行,2023-11-24,6.93,6.98,6.92,6.95,6.93,20165300,140204500,6.94,6.95,6.93,7.03013698630137,7.55
sh600000,浦发银行,2023-11-27,6.96,6.97,6.86,6.9,6.95,23107700,159319600,6.926666666666667,6.95,6.9,7.028378378378378,7.55
sh600000,浦发银行,2023-11-28,6.92,6.92,6.86,6.87,6.9,18249300,125495700,6.906666666666666,6.95,6.87,7.026266666666667,7.55
sh600000,浦发银行,2023-11-29,6.88,6.88,6.8,6.82,6.87,28416600,193955100,6.863333333333333,6.9,6.82,7.023552631578947,7.55
sh600000,浦发银行,2023-11-30,6.82,6.89,6.82,6.85,6.82,31711200,217508600,6.846666666666667,6.87,6.82,7.021298701298701,7.55
sh600000,浦发银行,2023-12-01,6.85,6.9,6.82,6.85,6.85,28946200,198723800,6.84,6.85,6.82,7.019102564102564,7.55
sh600000,浦发银行,2023-12-04,6.86,6.87,6.81,6.81,6.85,18858700,128887100,6.836666666666666,6.85,6.81,7.016455696202531,7.55
sh600000,浦发银行,2023-12-05,6.82,6.82,6.69,6.71,6.81,34604900,233696200,6.79,6.85,6.71,7.012625,7.55
sh600000,浦发银行,2023-12-06,6.7,6.71,6.61,6.61,6.71,39833200,264013300,6.71,6.81,6.61,7.007654320987655,7.55
sh600000,浦发银行,2023-12-07,6.61,6.64,6.53,6.61,6.61,30541700,201249900,6.6433333333333335,6.71,6.61,7.002804878048781,7.55
sh600000,浦发银行,2023-12-08,6.6,6.68,6.58,6.67,6.61,29519700,196385700,6.63,6.67,6.61,6.998795180722891,7.55
sh600000,浦发银行,2023-12-11,6.64,6.72,6.53,6.72,6.67,33616400,222209900,6.666666666666667,6.72,6.61,6.99547619047619,7.55
sh600000,浦发银行,2023-12-12,6.68,6.73,6.64,6.71,6.72,17003600,113954200,6.7,6.72,6.67,6.992117647058824,7.55
sh600000,浦发银行,2023-12-13,6.7,6.75,6.67,6.71,6.71,28683400,192579800,6.713333333333334,6.72,6.71,6.988837209302325,7.55
sh600000,浦发银行,2023-12-14,6.7,6.72,6.63,6.64,6.71,19863100,132441300,6.6866666666666665,6.71,6.64,6.984827586206896,7.55
sh600000,浦发银行,2023-12-15,6.66,6.7,6.57,6.57,6.64,33703000,223425100,6.64,6.71,6.57,6.980113636363637,7.55
sh600000,浦发银行,2023-12-18,6.57,6.61,6.51,6.58,6.57,27523800,180979300,6.596666666666667,6.64,6.57,6.97561797752809,7.55
sh600000,浦发银行,2023-12-19,6.58,6.59,6.53,6.56,6.58,18988500,124564900,6.57,6.58,6.56,6.971,7.55
sh600000,浦发银行,2023-12-20,6.58,6.62,6.53,6.53,6.56,19369900,127359300,6.556666666666666,6.58,6.53,6.966153846153846,7.55
sh600000,浦发银行,2023-12-21,6.52,6.59,6.49,6.57,6.53,28140900,184156600,6.553333333333334,6.57,6.53,6.961847826086957,7.55
sh600000,浦发银行,2023-12-22,6.57,6.61,6.53,6.58,6.57,23589300,155129800,6.56,6.58,6.53,6.957741935483871,7.55
sh600000,浦发银行,2023-12-25,6.56,6.61,6.55,6.58,6.58,12904300,84908500,6.576666666666667,6.58,6.57,6.953723404255319,7.55
sh600000,浦发银行,2023-12-26,6.57,6.6,6.54,6.56,6.58,11934500,78321400,6.573333333333333,6.58,6.56,6.949578947368422,7.55
sh600000,浦发银行,2023-12-27,6.56,6.61,6.51,6.6,6.56,18422700,120867600,6.580000000000001,6.6,6.56,6.945937499999999,7.55
sh600000,浦发银行,2023-12-28,6.6,6.69,6.59,6.68,6.6,34802700,231691600,6.613333333333332,6.68,6.56,6.94319587628866,7.55
sh600000,浦发银行,2023-12-29,6.66,6.7,6.61,6.62,6.68,33801400,224306300,6.633333333333333,6.68,6.6,6.939897959183674,7.55
sh600000,浦发银行,2024-01-02,6.63,6.65,6.6,6.6,6.62,22066700,146066300,6.633333333333333,6.68,6.6,6.936464646464647,7.55
sh600000,浦发银行,2024-01-03,6.59,6.65,6.59,6.64,6.6,18203700,120639700,6.62,6.64,6.6,6.9335,7.55
sh600000,浦发银行,2024-01-04,6.64,6.67,6.55,6.62,6.64,28886000,190580600,6.62,6.64,6.6,6.930396039603961,7.55
sh600000,浦发银行,2024-01-05,6.6,6.76,6.59,6.68,6.62,44421400,296976900,6.646666666666667,6.68,6.62,6.927941176470588,7.55
sh600000,浦发银行,2024-01-08,6.68,6.71,6.56,6.59,6.68,37520300,247977800,6.63,6.68,6.59,6.924660194174757,7.55
sh600000,浦发银行,2024-01-09,6.6,6.64,6.54,6.61,6.59,30741900,202647700,6.626666666666666,6.68,6.59,6.921634615384615,7.55
sh600000,浦发银行,2024-01-10,6.61,6.63,6.57,6.57,6.61,22240900,146695900,6.59,6.61,6.57,6.918285714285714,7.55
sh600000,浦发银行,2024-01-11,6.56,6.59,6.52,6.53,6.57,35914700,235312100,6.57,6.61,6.53,6.9146226415094345,7.55
sh600000,浦发银行,2024-01-12,6.52,6.56,6.5,6.5,6.53,34624100,225743800,6.533333333333334,6.57,6.5,6.910747663551402,7.55
sh600000,浦发银行,2024-01-15,6.5,6.54,6.47,6.51,6.5,28694200,186476700,6.513333333333333,6.53,6.5,6.907037037037037,7.55
sh600000,浦发银行,2024-01-16,6.49,6.6,6.49,6.59,6.51,53186500,348808300,6.533333333333332,6.59,6.5,6.904128440366972,7.55
sh600000,浦发银行,2024-01-17,6.58,6.62,6.52,6.53,6.59,48249900,316982900,6.543333333333333,6.59,6.51,6.9007272727272735,7.55
sh600000,浦发银行,2024-01-18,6.53,6.58,6.36,6.56,6.53,73994400,477803900,6.56,6.59,6.53,6.897657657657658,7.55
sh600000,浦发银行,2024-01-19,6.52,6.62,6.47,6.59,6.56,57640100,378165100,6.56,6.59,6.53,6.8949107142857144,7.55
sh600000,浦发银行,2024-01-22,6.58,6.67,6.53,6.59,6.59,67173500,445086400,6.579999999999999,6.59,6.56,6.892212389380531,7.55
sh600000,浦发银行,2024-01-23,6.58,6.65,6.5,6.62,6.59,33298500,218923200,6.6000000000000005,6.62,6.59,6.889824561403509,7.55
sh600000,浦发银行,2024-01-24,6.64,6.73,6.6,6.71,6.62,53746500,358343200,6.640000000000001,6.71,6.59,6.888260869565217,7.55
sh600000,浦发银行,2024-01-25,6.73,6.8,6.7,6.77,6.71,50256900,339203800,6.7,6.77,6.62,6.887241379310344,7.55
sh600000,浦发银行,2024-01-26,6.78,6.91,6.75,6.87,6.77,70997900,485347700,6.783333333333334,6.87,6.71,6.887094017094017,7.55
sh600000,浦发银行,2024-01-29,6.86,6.97,6.85,6.9,6.87,55269900,381908900,6.846666666666667,6.9,6.77,6.887203389830509,7.55
sh600000,浦发银行,2024-01-30,6.9,6.95,6.82,6.83,6.9,40737000,280193800,6.866666666666667,6.9,6.83,6.88672268907563,7.55
sh600000,浦发银行,2024-01-31,6.81,6.88,6.74,6.83,6.83,45662000,311141400,6.853333333333334,6.9,6.83,6.88625,7.55
sh600000,浦发银行,2024-02-01,6.83,6.88,6.78,6.8,6.83,44252400,302115500,6.82,6.83,6.8,6.885537190082644,7.55
sh600000,浦发银行,2024-02-02,6.82,6.92,6.72,6.84,6.8,59482900,407459700,6.823333333333333,6.84,6.8,6.885163934426229,7.55
sh600000,浦发银行,2024-02-05,6.84,6.92,6.76,6.89,6.84,82713700,566786800,6.843333333333334,6.89,6.8,6.88520325203252,7.55
sh600000,浦发银行,2024-02-06,6.89,7.0,6.86,7.0,6.89,71683200,498307500,6.909999999999999,7.0,6.84,6.886129032258064,7.55
sh600000,浦发银行,2024-02-07,7.02,7.03,6.85,6.94,7.0,83731300,580014500,6.9433333333333325,7.0,6.89,6.88656,7.55
sh600000,浦发银行,2024-02-08,6.95,6.97,6.82,6.96,6.94,67164700,463209900,6.966666666666666,7.0,6.94,6.887142857142857,7.55
sh600000,浦发银行,2024-02-19,6.98,7.13,6.95,7.12,6.96,57869800,407648400,7.006666666666667,7.12,6.94,6.888976377952756,7.55
sh600000,浦发银行,2024-02-20,7.13,7.15,7.06,7.1,7.12,32409000,230505800,7.06,7.12,6.96,6.890625,7.55
sh600000,浦发银行,2024-02-21,7.11,7.32,7.09,7.24,7.1,58809600,426038700,7.153333333333333,7.24,7.1,6.8933333333333335,7.55
sh600000,浦发银行,2024-02-22,7.24,7.27,7.18,7.21,7.24,33665200,242967400,7.183333333333333,7.24,7.1,6.895769230769231,7.55
sh600000,浦发银行,2024-02-23,7.21,7.33,7.2,7.28,7.21,37939600,276331200,7.243333333333333,7.28,7.21,6.898702290076336,7.55
sh600000,浦发银行,2024-02-26,7.26,7.28,7.09,7.1,7.28,42483100,304097900,7.196666666666666,7.28,7.1,6.900227272727273,7.55
sh600000,浦发银行,2024-02-27,7.07,7.15,7.06,7.14,7.1,24862200,176742700,7.173333333333333,7.28,7.1,6.90203007518797,7.55
sh600000,浦发银行,2024-02-28,7.12,7.16,7.08,7.1,7.14,35826700,255229200,7.113333333333332,7.14,7.1,6.903507462686568,7.55
sh600000,浦发银行,2024-02-29,7.11,7.17,7.09,7.15,7.1,34288200,244499000,7.13,7.15,7.1,6.905333333333333,7.55
sh600000,浦发银行,2024-03-01,7.13,7.16,7.1,7.11,7.15,29431800,209474000,7.12,7.15,7.1,6.906838235294118,7.55
sh600000,浦发银行,2024-03-04,7.12,7.12,7.05,7.07,7.11,27856000,197157100,7.11,7.15,7.07,6.908029197080292,7.55
sh600000,浦发银行,2024-03-05,7.05,7.18,7.04,7.16,7.07,41756200,297676100,7.113333333333333,7.16,7.07,6.909855072463768,7.55
sh600000,浦发银行,2024-03-06,7.17,7.22,7.12,7.12,7.16,25918700,185847800,7.116666666666667,7.16,7.07,6.91136690647482,7.55
sh600000,浦发银行,2024-03-07,7.12,7.2,7.11,7.14,7.12,24690300,176664400,7.140000000000001,7.16,7.12,6.913,7.55
sh600000,浦发银行,2024-03-08,7.12,7.17,7.11,7.12,7.14,19861800,141724100,7.126666666666668,7.14,7.12,6.9144680851063836,7.55
sh600000,浦发银行,2024-03-11,7.13,7.17,7.06,7.11,7.12,26195500,185958000,7.123333333333334,7.14,7.11,6.9158450704225345,7.55
sh600000,浦发银行,2024-03-12,7.11,7.15,7.08,7.1,7.11,29030500,206425800,7.109999999999999,7.12,7.1,6.917132867132867,7.55
sh600000,浦发银行,2024-03-13,7.12,7.12,7.03,7.04,7.1,25948500,183084900,7.083333333333333,7.11,7.04,6.917986111111111,7.55
sh600000,浦发银行,2024-03-14,7.04,7.09,7.03,7.04,7.04,18703600,131973000,7.06,7.1,7.04,6.918827586206897,7.55
sh600000,浦发银行,2024-03-15,7.04,7.09,7.03,7.09,7.04,29599500,208970000,7.056666666666666,7.09,7.04,6.92,7.55
sh600000,浦发银行,2024-03-18,7.06,7.13,7.06,7.09,7.09,26558500,188382300,7.073333333333333,7.09,7.04,6.921156462585034,7.55
sh600000,浦发银行,2024-03-19,7.08,7.08,7.01,7.01,7.09,22848700,160809200,7.0633333333333335,7.09,7.01,6.921756756756757,7.55
sh600000,浦发银行,2024-03-20,7.01,7.06,6.98,7.03,7.01,19543000,137292200,7.043333333333334,7.09,7.01,6.922483221476511,7.55
sh600000,浦发银行,2024-03-21,7.06,7.13,7.03,7.1,7.03,41924900,297258000,7.046666666666667,7.1,7.01,6.923666666666667,7.55
sh600000,浦发银行,2024-03-22,7.08,7.12,6.96,7.04,7.1,35960500,252638800,7.056666666666666,7.1,7.03,6.9244370860927145,7.55
sh600000,浦发银行,2024-03-25,7.06,7.09,7.01,7.06,7.04,24439500,172644800,7.066666666666666,7.1,7.04,6.925328947368421,7.55
sh600000,浦发银行,2024-03-26,7.09,7.15,7.07,7.15,7.06,35111500,250044900,7.083333333333333,7.15,7.04,6.926797385620914,7.55
sh600000,浦发银行,2024-03-27,7.14,7.23,7.11,7.17,7.15,41943100,301380700,7.126666666666668,7.17,7.06,6.928376623376623,7.55
sh600000,浦发银行,2024-03-28,7.19,7.2,7.11,7.17,7.17,34536000,246970600,7.163333333333334,7.17,7.15,6.929935483870969,7.55
sh600000,浦发银行,2024-03-29,7.13,7.19,7.11,7.13,7.17,18138900,129562500,7.156666666666666,7.17,7.13,6.931217948717949,7.55
sh600000,浦发银行,2024-04-01,7.15,7.24,7.14,7.23,7.13,36028800,259657200,7.176666666666667,7.23,7.13,6.93312101910828,7.55
sh600000,浦发银行,2024-04-02,7.24,7.31,7.22,7.27,7.23,35095200,255236200,7.21,7.27,7.13,6.935253164556962,7.55
sh600000,浦发银行,2024-04-03,7.23,7.28,7.19,7.23,7.27,25254100,182860200,7.243333333333333,7.27,7.23,6.937106918238993,7.55
sh600000,浦发银行,2024-04-08,7.23,7.32,7.19,7.28,7.23,32764500,238582700,7.260000000000001,7.28,7.23,6.9392499999999995,7.55
sh600000,浦发银行,2024-04-09,7.29,7.32,7.25,7.26,7.28,20335500,147972200,7.256666666666668,7.28,7.23,6.941242236024845,7.55
sh600000,浦发银行,2024-04-10,7.26,7.33,7.23,7.27,7.26,22436700,163551900,7.2700000000000005,7.28,7.26,6.943271604938271,7.55
sh600000,浦发银行,2024-04-11,7.23,7.28,7.19,7.24,7.27,25364200,183441400,7.256666666666667,7.27,7.24,6.945092024539877,7.55
sh600000,浦发银行,2024-04-12,7.2,7.26,7.12,7.13,7.24,32809700,235493700,7.213333333333334,7.27,7.13,6.946219512195122,7.55
sh600000,浦发银行,2024-04-15,7.12,7.3,7.12,7.3,7.13,48310300,350007600,7.223333333333334,7.3,7.13,6.948363636363636,7.55
sh600000,浦发银行,2024-04-16,7.25,7.32,7.21,7.26,7.3,40203300,292494100,7.2299999999999995,7.3,7.13,6.950240963855422,7.55
sh600000,浦发银行,2024-04-17,7.26,7.35,7.18,7.34,7.26,43151900,314102100,7.3,7.34,7.26,6.952574850299401,7.55
sh600000,浦发银行,2024-04-18,7.34,7.46,7.31,7.33,7.34,46822500,345482100,7.31,7.34,7.26,6.954821428571429,7.55
sh600000,浦发银行,2024-04-19,7.32,7.4,7.26,7.34,7.33,38004200,278975900,7.336666666666666,7.34,7.33,6.957100591715976,7.55
sh600000,浦发银行,2024-04-22,7.36,7.43,7.28,7.29,7.34,32694700,240124200,7.32,7.34,7.29,6.9590588235294115,7.55
sh600000,浦发银行,2024-04-23,7.32,7.4,7.25,7.34,7.29,44055600,323208600,7.323333333333333,7.34,7.29,6.961286549707603,7.55
sh600000,浦发银行,2024-04-24,7.38,7.4,7.3,7.36,7.34,24758900,181997200,7.330000000000001,7.36,7.29,6.9636046511627905,7.55
sh600000,浦发银行,2024-04-25,7.33,7.42,7.31,7.41,7.36,24676900,182019200,7.37,7.41,7.34,6.966184971098267,7.55
sh600000,浦发银行,2024-04-26,7.41,7.48,7.35,7.42,7.41,45846600,339924200,7.396666666666667,7.42,7.36,6.9687931034482755,7.55
sh600000,浦发银行,2024-04-29,7.39,7.52,7.3,7.42,7.42,39317800,292685800,7.416666666666667,7.42,7.41,6.9713714285714286,7.55
sh600000,浦发银行,2024-04-30,7.58,7.84,7.56,7.7,7.42,105472800,813284500,7.513333333333333,7.7,7.42,6.975511363636364,7.7
sh600000,浦发银行,2024-05-06,7.82,7.89,7.75,7.85,7.7,85937300,673787200,7.656666666666666,7.85,7.42,6.980451977401129,7.85
sh600000,浦发银行,2024-05-07,7.85,7.86,7.72,7.82,7.85,46269500,360376200,7.79,7.85,7.7,6.9851685393258425,7.85
sh600000,浦发银行,2024-05-08,7.81,7.85,7.78,7.8,7.82,30377900,237540800,7.823333333333333,7.85,7.8,6.989720670391062,7.85
sh600000,浦发银行,2024-05-09,7.8,7.85,7.76,7.8,7.8,33942100,264867400,7.806666666666666,7.82,7.8,6.994222222222223,7.85
sh600000,浦发银行,2024-05-10,7.81,7.95,7.8,7.94,7.8,52211600,412342300,7.846666666666667,7.94,7.8,6.9994475138121555,7.94
sh600000,浦发银行,2024-05-13,7.93,7.98,7.87,7.96,7.94,40422100,320678400,7.8999999999999995,7.96,7.8,7.004725274725274,7.96
sh600000,浦发银行,2024-05-14,7.97,7.98,7.86,7.88,7.96,39843600,314999400,7.926666666666667,7.96,7.88,7.0095081967213115,7.96
sh600000,浦发银行,2024-05-15,7.9,7.93,7.84,7.89,7.88,31039100,244683400,7.91,7.96,7.88,7.01429347826087,7.96
sh600000,浦发银行,2024-05-16,7.92,8.05,7.88,8.02,7.89,60658700,485813400,7.93,8.02,7.88,7.01972972972973,8.02
sh600000,浦发银行,2024-05-17,8.04,8.16,8.0,8.16,8.02,69438000,561342800,8.023333333333333,8.16,7.89,7.025860215053763,8.16
sh600000,浦发银行,2024-05-20,8.2,8.35,8.15,8.32,8.16,88145000,731104400,8.166666666666666,8.32,8.02,7.032780748663102,8.32
sh600000,浦发银行,2024-05-21,8.31,8.42,8.26,8.42,8.32,53146300,445171600,8.299999999999999,8.42,8.16,7.040159574468085,8.42
sh600000,浦发银行,2024-05-22,8.41,8.62,8.38,8.53,8.42,71173200,605588100,8.423333333333334,8.53,8.32,7.048042328042327,8.53
sh600000,浦发银行,2024-05-23,8.52,8.6,8.48,8.52,8.53,61212300,522802600,8.49,8.53,8.42,7.05578947368421,8.53
sh600000,浦发银行,2024-05-24,8.51,8.59,8.41,8.44,8.52,60740600,516406900,8.496666666666664,8.53,8.44,7.063036649214659,8.53
sh600000,浦发银行,2024-05-27,8.45,8.56,8.43,8.54,8.44,52858700,449932600,8.5,8.54,8.44,7.070729166666666,8.54
sh600000,浦发银行,2024-05-28,8.58,8.64,8.51,8.54,8.54,40047300,342904500,8.506666666666666,8.54,8.44,7.078341968911917,8.54
sh600000,浦发银行,2024-05-29,8.53,8.59,8.45,8.49,8.54,40802400,347290200,8.523333333333333,8.54,8.49,7.08561855670103,8.54
sh600000,浦发银行,2024-05-30,8.47,8.55,8.36,8.4,8.49,56701600,479146200,8.476666666666667,8.54,8.4,7.092358974358974,8.54
sh600000,浦发银行,2024-05-31,8.45,8.45,8.31,8.34,8.4,53797300,449689000,8.410000000000002,8.49,8.34,7.098724489795918,8.54
sh600000,浦发银行,2024-06-03,8.3,8.33,8.19,8.28,8.34,60213700,496075100,8.34,8.4,8.28,7.10472081218274,8.54
sh600000,浦发银行,2024-06-04,8.28,8.34,8.23,8.32,8.28,39800500,330354900,8.313333333333333,8.34,8.28,7.110858585858586,8.54
sh600000,浦发银行,2024-06-05,8.33,8.34,8.26,8.29,8.32,31295800,259659800,8.296666666666667,8.32,8.28,7.11678391959799,8.54
sh600000,浦发银行,2024-06-06,8.31,8.35,8.24,8.25,8.29,34149600,283171500,8.286666666666667,8.32,8.25,7.12245,8.54
sh600000,浦发银行,2024-06-07,8.32,8.38,8.2,8.31,8.25,41451700,344132100,8.283333333333333,8.31,8.25,7.128358208955223,8.54
sh600000,浦发银行,2024-06-11,8.34,8.36,8.11,8.15,8.31,41132400,337102400,8.236666666666666,8.31,8.15,7.133415841584158,8.54
sh600000,浦发银行,2024-06-12,8.15,8.17,8.04,8.11,8.15,38617700,312851400,8.19,8.31,8.11,7.138226600985221,8.54
sh600000,浦发银行,2024-06-13,8.1,8.2,8.09,8.13,8.11,40433700,329400000,8.13,8.15,8.11,7.143088235294118,8.54
sh600000,浦发银行,2024-06-14,8.1,8.18,7.99,8.14,8.13,44463000,359834400,8.126666666666667,8.14,8.11,7.147951219512195,8.54
sh600000,浦发银行,2024-06-17,8.15,8.16,8.03,8.1,8.14,36278400,293415700,8.123333333333333,8.14,8.1,7.152572815533981,8.54
sh600000,浦发银行,2024-06-18,8.1,8.15,8.02,8.09,8.1,32876200,265920600,8.110000000000001,8.14,8.09,7.157101449275363,8.54
sh600000,浦发银行,2024-06-19,8.1,8.26,8.09,8.22,8.09,40605100,332732400,8.136666666666665,8.22,8.09,7.162211538461539,8.54
sh600000,浦发银行,2024-06-20,8.18,8.26,8.15,8.2,8.22,25662300,210632900,8.17,8.22,8.09,7.167177033492823,8.54
sh600000,浦发银行,2024-06-21,8.2,8.23,8.12,8.17,8.2,40011400,327125000,8.196666666666667,8.22,8.17,7.171952380952381,8.54
sh600000,浦发银行,2024-06-24,8.19,8.2,8.03,8.15,8.17,37046700,301011800,8.173333333333332,8.2,8.15,7.176587677725118,8.54
sh600000,浦发银行,2024-06-25,8.18,8.25,8.09,8.2,8.15,39818100,326580600,8.173333333333334,8.2,8.15,7.181415094339623,8.54
sh600000,浦发银行,2024-06-26,8.2,8.23,8.13,8.21,8.2,33563700,274593600,8.186666666666667,8.21,8.15,7.1862441314554,8.54
sh600000,浦发银行,2024-06-27,8.21,8.3,8.13,8.22,8.21,44561500,366021800,8.21,8.22,8.2,7.191074766355141,8.54
sh600000,浦发银行,2024-06-28,8.22,8.29,8.17,8.23,8.22,37799700,311360200,8.22,8.23,8.21,7.195906976744186,8.54
sh600000,浦发银行,2024-07-01,8.22,8.3,8.2,8.28,8.23,28733000,237294500,8.243333333333334,8.28,8.22,7.200925925925926,8.54
sh600000,浦发银行,2024-07-02,8.27,8.54,8.27,8.53,8.28,57345800,485897400,8.346666666666666,8.53,8.23,7.20705069124424,8.54
sh600000,浦发银行,2024-07-03,8.53,8.6,8.48,8.53,8.53,46409700,396512700,8.446666666666665,8.53,8.28,7.213119266055046,8.54
sh600000,浦发银行,2024-07-04,8.59,8.63,8.48,8.5,8.53,44412100,379773400,8.519999999999998,8.53,8.5,7.218995433789955,8.54
sh600000,浦发银行,2024-07-05,8.54,8.55,8.29,8.34,8.5,51997000,436429600,8.456666666666665,8.53,8.34,7.224090909090909,8.54
sh600000,浦发银行,2024-07-08,8.34,8.49,8.26,8.43,8.34,45320800,381472500,8.423333333333332,8.5,8.34,7.229547511312218,8.54
sh600000,浦发银行,2024-07-09,8.47,8.66,8.41,8.64,8.43,54534200,466546700,8.469999999999999,8.64,8.34,7.2359009009009005,8.64
sh600000,浦发银行,2024-07-10,8.64,8.72,8.6,8.69,8.64,40604600,352263000,8.586666666666668,8.69,8.43,7.242421524663677,8.69
sh600000,浦发银行,2024-07-11,8.71,8.73,8.56,8.6,8.69,34946200,301339400,8.643333333333333,8.69,8.6,7.248482142857143,8.69
sh600000,浦发银行,2024-07-12,8.63,8.85,8.61,8.84,8.6,57267700,503070700,8.709999999999999,8.84,8.6,7.2555555555555555,8.84
sh600000,浦发银行,2024-07-15,8.83,8.91,8.8,8.88,8.84,46191500,409364200,8.773333333333333,8.88,8.6,7.262743362831858,8.88
sh600000,浦发银行,2024-07-16,8.87,8.95,8.82,8.86,8.88,44680300,397093100,8.86,8.88,8.84,7.269779735682819,8.88
sh600000,浦发银行,2024-07-17,8.9,9.07,8.86,9.04,8.86,88119300,794490000,8.926666666666668,9.04,8.86,7.277543859649123,9.04
sh600000,浦发银行,2024-07-18,8.75,8.78,8.61,8.77,9.04,66209500,575925000,8.889999999999999,9.04,8.77,7.284061135371179,9.04
sh600000,浦发银行,2024-07-19,8.79,8.79,8.62,8.73,8.77,61941300,539610900,8.846666666666666,9.04,8.73,7.290347826086957,9.04
sh600000,浦发银行,2024-07-22,8.71,8.73,8.52,8.58,8.73,63228900,543154100,8.693333333333333,8.77,8.58,7.295930735930735,9.04
sh600000,浦发银行,2024-07-23,8.62,8.69,8.59,8.59,8.58,41181500,356167700,8.633333333333333,8.73,8.58,7.301508620689655,9.04
sh600000,浦发银行,2024-07-24,8.61,8.68,8.54,8.55,8.59,37551700,322441700,8.573333333333332,8.59,8.55,7.3068669527897,9.04
sh600000,浦发银行,2024-07-25,8.58,8.58,8.32,8.52,8.55,60156100,508007100,8.553333333333335,8.59,8.52,7.312051282051282,9.04
sh600000,浦发银行,2024-07-26,8.48,8.52,8.24,8.33,8.52,49359000,411165400,8.466666666666667,8.55,8.33,7.316382978723404,9.04
sh600000,浦发银行,2024-07-29,8.33,8.57,8.3,8.53,8.33,46463800,395067000,8.46,8.53,8.33,7.321525423728813,9.04
sh600000,浦发银行,2024-07-30,8.54,8.54,8.36,8.39,8.53,40584300,341513600,8.416666666666666,8.53,8.33,7.326033755274262,9.04
sh600000,浦发银行,2024-07-31,8.45,8.46,8.35,8.4,8.39,43429600,365181500,8.44,8.53,8.39,7.330546218487395,9.04
sh600000,浦发银行,2024-08-01,8.4,8.61,8.34,8.57,8.4,54560200,464982600,8.453333333333333,8.57,8.39,7.335732217573222,9.04
sh600000,浦发银行,2024-08-02,8.56,8.6,8.4,8.47,8.57,31361500,266363100,8.479999999999999,8.57,8.4,7.340458333333333,9.04
sh600000,浦发银行,2024-08-05,8.47,8.52,8.35,8.38,8.47,41178800,346404300,8.473333333333334,8.57,8.38,7.344771784232365,9.04
sh600000,浦发银行,2024-08-06,8.43,8.45,8.19,8.24,8.38,41604100,344150500,8.363333333333335,8.47,8.24,7.348471074380165,9.04
sh600000,浦发银行,2024-08-07,8.23,8.37,8.22,8.31,8.24,26542200,220186500,8.31,8.38,8.24,7.352427983539095,9.04
sh600000,浦发银行,2024-08-08,8.36,8.45,8.29,8.38,8.31,27669100,231992000,8.31,8.38,8.24,7.356639344262295,9.04
sh600000,浦发银行,2024-08-09,8.41,8.6,8.41,8.53,8.38,39120100,334119300,8.406666666666666,8.53,8.31,7.361428571428571,9.04
sh600000,浦发银行,2024-08-12,8.51,8.63,8.49,8.58,8.53,29250000,250903200,8.496666666666668,8.58,8.38,7.366382113821138,9.04
sh600000,浦发银行,2024-08-13,8.56,8.67,8.54,8.59,8.58,27211600,234444000,8.566666666666665,8.59,8.53,7.371336032388664,9.04
sh600000,浦发银行,2024-08-14,8.63,8.65,8.54,8.57,8.59,21145700,181445500,8.58,8.59,8.57,7.3761693548387095,9.04
sh600000,浦发银行,2024-08-15,8.51,8.75,8.51,8.74,8.57,45066200,392033400,8.633333333333335,8.74,8.57,7.381646586345381,9.04
sh600000,浦发银行,2024-08-16,8.74,8.86,8.7,8.85,8.74,37566900,331065700,8.72,8.85,8.57,7.387519999999999,9.04
sh600000,浦发银行,2024-08-19,8.86,9.03,8.84,9.02,8.85,58938000,528390400,8.87,9.02,8.74,7.394023904382471,9.04
sh600000,浦发银行,2024-08-20,9.01,9.07,8.88,8.91,9.02,50188800,449704800,8.926666666666668,9.02,8.85,7.400039682539682,9.04
sh600000,浦发银行,2024-08-21,8.91,9.04,8.82,8.96,8.91,43628100,390145300,8.963333333333333,9.02,8.91,7.406205533596838,9.04
sh600000,浦发银行,2024-08-22,8.96,9.07,8.93,9.01,8.96,36264300,327034900,8.96,9.01,8.91,7.41251968503937,9.04
sh600000,浦发银行,2024-08-23,9.01,9.04,8.9,9.0,9.01,31698700,284739200,8.99,9.01,8.96,7.418745098039215,9.04
sh600000,浦发银行,2024-08-26,9.0,9.0,8.83,8.88,9.0,51444600,457039700,8.963333333333333,9.01,8.88,7.424453125,9.04
sh600000,浦发银行,2024-08-27,8.87,8.94,8.82,8.88,8.88,30683400,272898000,8.92,9.0,8.88,7.43011673151751,9.04
sh600000,浦发银行,2024-08-28,8.92,8.93,8.76,8.82,8.88,32528500,287017700,8.860000000000001,8.88,8.82,7.435503875968992,9.04
sh600000,浦发银行,2024-08-29,8.82,8.83,8.53,8.55,8.82,50949600,438959400,8.750000000000002,8.88,8.55,7.43980694980695,9.04
sh600000,浦发银行,2024-08-30,8.54,8.62,8.38,8.43,8.55,68354400,579069800,8.6,8.82,8.43,7.443615384615384,9.04
sh600000,浦发银行,2024-09-02,8.37,8.5,8.35,8.39,8.43,42178600,355164700,8.456666666666667,8.55,8.39,7.447241379310345,9.04
sh600000,浦发银行,2024-09-03,8.38,8.43,8.2,8.25,8.39,41257200,340798500,8.356666666666667,8.43,8.25,7.450305343511451,9.04
sh600000,浦发银行,2024-09-04,8.29,8.37,8.23,8.32,8.25,34187200,284531800,8.32,8.39,8.25,7.45361216730038,9.04
sh600000,浦发银行,2024-09-05,8.38,8.41,8.23,8.32,8.32,36176700,300241000,8.296666666666667,8.32,8.25,7.456893939393939,9.04
sh600000,浦发银行,2024-09-06,8.33,8.51,8.32,8.43,8.32,32293700,273118500,8.356666666666667,8.43,8.32,7.460566037735849,9.04
sh600000,浦发银行,2024-09-09,8.44,8.47,8.32,8.38,8.43,34290400,287989200,8.376666666666667,8.43,8.32,7.464022556390978,9.04
sh600000,浦发银行,2024-09-10,8.38,8.53,8.29,8.5,8.38,39694100,333986100,8.436666666666667,8.5,8.38,7.467902621722847,9.04
sh600000,浦发银行,2024-09-11,8.48,8.49,8.21,8.25,8.5,29396000,244556200,8.376666666666667,8.5,8.25,7.4708208955223885,9.04
sh600000,浦发银行,2024-09-12,8.21,8.49,8.19,8.47,8.25,43128100,362723400,8.406666666666666,8.5,8.25,7.474535315985131,9.04
sh600000,浦发银行,2024-09-13,8.5,8.51,8.32,8.35,8.47,28411100,238422100,8.356666666666667,8.47,8.25,7.477777777777778,9.04
sh600000,浦发银行,2024-09-18,8.35,8.45,8.26,8.32,8.35,20139400,167778100,8.38,8.47,8.32,7.480885608856088,9.04
sh600000,浦发银行,2024-09-19,8.37,8.53,8.3,8.52,8.32,39163800,330778700,8.396666666666667,8.52,8.32,7.484705882352941,9.04
sh600000,浦发银行,2024-09-20,8.49,8.57,8.43,8.51,8.52,42872300,364859500,8.45,8.52,8.32,7.4884615384615385,9.04
sh600000,浦发银行,2024-09-23,8.53,8.65,8.46,8.63,8.51,30023900,257517900,8.553333333333335,8.63,8.51,7.492627737226277,9.04
sh600000,浦发银行,2024-09-24,8.75,9.09,8.66,9.09,8.63,89208000,795774300,8.743333333333332,9.09,8.51,7.4984363636363645,9.09
sh600000,浦发银行,2024-09-25,9.27,9.55,9.25,9.49,9.09,119063500,1125665600,9.07,9.49,8.63,7.5056521739130435,9.49
sh600000,浦发银行,2024-09-26,9.5,9.84,9.43,9.84,9.49,89839000,867160000,9.473333333333333,9.84,9.09,7.514079422382672,9.84
sh600000,浦发银行,2024-09-27,9.99,10.08,9.6,9.87,9.84,57039500,560481100,9.733333333333333,9.87,9.49,7.522553956834532,9.87
sh600000,浦发银行,2024-09-30,10.06,10.29,9.82,10.13,9.87,188375600,1892937300,9.946666666666667,10.13,9.84,7.531899641577061,10.13
sh600000,浦发银行,2024-10-08,10.88,11.02,10.2,10.5,10.13,192133100,2037070000,10.166666666666666,10.5,9.87,7.5425,10.5
sh600000,浦发银行,2024-10-09,10.5,10.5,9.91,9.91,10.5,116072700,1183819400,10.180000000000001,10.5,9.91,7.550925266903914,10.5
sh600000,浦发银行,2024-10-10,10.06,10.49,10.05,10.31,9.91,101639900,1044726900,10.24,10.5,9.91,7.560709219858156,10.5
sh600000,浦发银行,2024-10-11,10.37,10.52,10.02,10.16,10.31,58937600,606557600,10.126666666666667,10.31,9.91,7.569893992932863,10.5
sh600000,浦发银行,2024-10-14,10.31,10.54,10.25,10.4,10.16,88307800,918408300,10.290000000000001,10.4,10.16,7.579859154929577,10.5
sh600000,浦发银行,2024-10-15,10.45,10.53,10.25,10.25,10.4,62939700,654527500,10.270000000000001,10.4,10.16,7.589228070175438,10.5
sh600000,浦发银行,2024-10-16,10.15,10.46,10.15,10.34,10.25,52615000,545095900,10.33,10.4,10.25,7.598846153846154,10.5
sh600000,浦发银行,2024-10-17,10.34,10.48,10.22,10.22,10.34,45576700,471133900,10.270000000000001,10.34,10.22,7.607979094076654,10.5
sh600000,浦发银行,2024-10-18,10.18,10.33,10.02,10.15,10.22,62206300,633125500,10.236666666666666,10.34,10.15,7.616805555555555,10.5
sh600000,浦发银行,2024-10-21,10.18,10.22,9.95,10.16,10.15,64523000,651623300,10.176666666666668,10.22,10.15,7.625605536332181,10.5
sh600000,浦发银行,2024-10-22,10.16,10.27,10.01,10.13,10.16,42803400,432235700,10.146666666666668,10.16,10.13,7.634241379310344,10.5
sh600000,浦发银行,2024-10-23,10.12,10.25,10.1,10.18,10.13,33566200,341483800,10.156666666666666,10.18,10.13,7.64298969072165,10.5
sh600000,浦发银行,2024-10-24,10.12,10.25,10.12,10.14,10.18,24017300,244345600,10.15,10.18,10.13,7.651541095890411,10.5
sh600000,浦发银行,2024-10-25,10.14,10.2,10.07,10.08,10.14,28419900,287640600,10.133333333333333,10.18,10.08,7.659829351535836,10.5
sh600000,浦发银行,2024-10-28,10.1,10.1,9.95,10.06,10.08,31702700,317673600,10.093333333333334,10.14,10.06,7.6679931972789115,10.5
sh600000,浦发银行,2024-10-29,10.01,10.15,9.97,9.99,10.06,34069900,341853900,10.043333333333333,10.08,9.99,7.675864406779661,10.5
sh600000,浦发银行,2024-10-30,9.99,10.12,9.91,9.94,9.99,42037400,419434800,9.996666666666668,10.06,9.94,7.683513513513514,10.5
sh600000,浦发银行,2024-10-31,10.01,10.05,9.71,9.84,9.94,60021400,589919600,9.923333333333332,9.99,9.84,7.69077441077441,10.5
sh600000,浦发银行,2024-11-01,9.86,10.0,9.77,9.94,9.84,43939300,435757900,9.906666666666666,9.94,9.84,7.698322147651006,10.5
sh600000,浦发银行,2024-11-04,9.97,10.0,9.84,9.99,9.94,33773200,335231200,9.923333333333334,9.99,9.84,7.705986622073579,10.5
sh600000,浦发银行,2024-11-05,9.97,10.06,9.91,10.06,9.99,41474800,414411200,9.996666666666666,10.06,9.94,7.7138333333333335,10.5
sh600000,浦发银行,2024-11-06,10.04,10.14,9.9,9.95,10.06,74208700,740524800,10.0,10.06,9.95,7.72126245847176,10.5
sh600000,浦发银行,2024-11-07,9.94,10.28,9.92,10.28,9.95,64397200,650432800,10.096666666666666,10.28,9.95,7.7297350993377485,10.5
sh600000,浦发银行,2024-11-08,10.33,10.36,10.03,10.06,10.28,53764700,545876300,10.096666666666666,10.28,9.95,7.737425742574257,10.5
sh600000,浦发银行,2024-11-11,9.9,10.12,9.66,9.72,10.06,80000300,779227800,10.020000000000001,10.28,9.72,7.743947368421052,10.5
sh600000,浦发银行,2024-11-12,9.73,9.82,9.66,9.66,9.72,49682700,483318100,9.813333333333333,10.06,9.66,7.750229508196722,10.5
sh600000,浦发银行,2024-11-13,9.63,9.74,9.6,9.63,9.66,43872200,423812500,9.67,9.72,9.63,7.756372549019607,10.5
sh600000,浦发银行,2024-11-14,9.61,9.71,9.57,9.65,9.63,45451900,438915000,9.646666666666667,9.66,9.63,7.762540716612378,10.5
sh600000,浦发银行,2024-11-15,9.61,9.7,9.5,9.54,9.65,48821200,469147900,9.606666666666667,9.65,9.54,7.768311688311688,10.5
sh600000,浦发银行,2024-11-18,9.65,10.1,9.64,9.83,9.54,100696600,999828600,9.673333333333334,9.83,9.54,7.774983818770226,10.5
sh600000,浦发银行,2024-11-19,9.85,10.05,9.67,9.79,9.83,73998200,728900900,9.719999999999999,9.83,9.54,7.781483870967743,10.5
sh600000,浦发银行,2024-11-20,9.77,9.85,9.69,9.71,9.79,45465800,442364500,9.776666666666666,9.83,9.71,7.787684887459807,10.5
sh600000,浦发银行,2024-11-21,9.71,9.77,9.68,9.72,9.71,29612800,287464200,9.74,9.79,9.71,7.793878205128205,10.5
sh600000,浦发银行,2024-11-22,9.72,9.75,9.47,9.48,9.72,44359000,425677500,9.636666666666668,9.72,9.48,7.79926517571885,10.5
sh600000,浦发银行,2024-11-25,9.61,9.61,9.31,9.33,9.48,60922000,573140400,9.51,9.72,9.33,7.804140127388535,10.5
sh600000,浦发银行,2024-11-26,9.32,9.33,9.22,9.31,9.33,48983400,454616300,9.373333333333335,9.48,9.31,7.808920634920635,10.5
sh600000,浦发银行,2024-11-27,9.31,9.47,9.18,9.43,9.31,43007400,401498800,9.356666666666667,9.43,9.31,7.814050632911392,10.5
sh600000,浦发银行,2024-11-28,9.49,9.54,9.33,9.44,9.43,39154700,370385600,9.393333333333333,9.44,9.31,7.819179810725552,10.5
sh600000,浦发银行,2024-11-29,9.52,9.61,9.43,9.46,9.44,46540700,443290400,9.443333333333333,9.46,9.43,7.824339622641509,10.5
sh600000,浦发银行,2024-12-02,9.45,9.5,9.37,9.49,9.46,46604300,440070900,9.463333333333333,9.49,9.44,7.829561128526646,10.5
sh600000,浦发银行,2024-12-03,9.46,9.65,9.41,9.65,9.49,41926400,400570500,9.533333333333333,9.65,9.46,7.83525,10.5
sh600000,浦发银行,2024-12-04,9.65,9.78,9.55,9.75,9.65,51193400,496411000,9.63,9.75,9.49,7.841214953271028,10.5
sh600000,浦发银行,2024-12-05,9.68,9.78,9.63,9.64,9.75,29173600,282719700,9.68,9.75,9.64,7.846801242236025,10.5
sh600000,浦发银行,2024-12-06,9.62,9.79,9.62,9.7,9.64,40629700,394516300,9.696666666666667,9.75,9.64,7.8525386996904025,10.5
sh600000,浦发银行,2024-12-09,9.65,9.75,9.63,9.66,9.7,32582900,315468500,9.666666666666666,9.7,9.64,7.858117283950618,10.5
sh600000,浦发银行,2024-12-10,9.82,9.92,9.71,9.8,9.66,58338600,572248600,9.72,9.8,9.66,7.8640923076923075,10.5
sh600000,浦发银行,2024-12-11,9.8,9.84,9.62,9.63,9.8,48762800,472263000,9.696666666666667,9.8,9.63,7.869509202453988,10.5
sh600000,浦发银行,2024-12-12,9.65,9.82,9.59,9.82,9.63,49651500,482603400,9.75,9.82,9.63,7.8754740061162085,10.5
sh600000,浦发银行,2024-12-13,9.76,9.8,9.6,9.66,9.82,67266900,652085600,9.703333333333333,9.82,9.63,7.880914634146341,10.5
sh600000,浦发银行,2024-12-16,9.62,9.75,9.62,9.64,9.66,34183600,331030700,9.706666666666665,9.82,9.64,7.886261398176291,10.5
sh600000,浦发银行,2024-12-17,9.65,9.7,9.5,9.53,9.64,41185700,394758800,9.61,9.66,9.53,7.891242424242424,10.5
sh600000,浦发银行,2024-12-18,9.56,9.68,9.51,9.54,9.53,39798700,381602900,9.57,9.64,9.53,7.896223564954683,10.5
sh600000,浦发银行,2024-12-19,9.51,9.56,9.42,9.53,9.54,42987800,408829100,9.533333333333333,9.54,9.53,7.901144578313253,10.5
sh600000,浦发银行,2024-12-20,9.57,9.72,9.55,9.58,9.53,49298100,473948600,9.549999999999999,9.58,9.53,7.906186186186186,10.5
sh600000,浦发银行,2024-12-23,9.63,10.08,9.6,9.93,9.58,116444700,1156091200,9.68,9.93,9.53,7.9122455089820365,10.5
sh600000,浦发银行,2024-12-24,9.89,10.17,9.89,10.13,9.93,84438200,851921200,9.88,10.13,9.58,7.918865671641791,10.5
sh600000,浦发银行,2024-12-25,10.13,10.39,10.13,10.35,10.13,72739600,749135100,10.136666666666667,10.35,9.93,7.92610119047619,10.5
sh600000,浦发银行,2024-12-26,10.35,10.39,10.16,10.34,10.35,61152200,628394300,10.273333333333333,10.35,10.13,7.93326409495549,10.5
sh600000,浦发银行,2024-12-27,10.33,10.39,10.12,10.36,10.34,69506400,714702100,10.35,10.36,10.34,7.940443786982248,10.5
sh600000,浦发银行,2024-12-30,10.34,10.49,10.31,10.47,10.36,78477800,818657800,10.39,10.47,10.34,7.9479056047197645,10.5
sh600000,浦发银行,2024-12-31,10.43,10.56,10.28,10.29,10.47,57783400,602393600,10.373333333333333,10.47,10.29,7.954794117647059,10.5
sh600000,浦发银行,2025-01-02,10.3,10.42,10.05,10.13,10.29,78907100,803904100,10.296666666666667,10.47,10.13,7.96117302052786,10.5
sh600000,浦发银行,2025-01-03,10.12,10.22,10.02,10.06,10.13,50693900,511576500,10.160000000000002,10.29,10.06,7.967309941520468,10.5
sh600000,浦发银行,2025-01-06,10.13,10.2,9.81,10.15,10.06,79801300,804593500,10.113333333333335,10.15,10.06,7.973673469387754,10.5
sh600000,浦发银行,2025-01-07,10.11,10.3,10.11,10.27,10.15,40265100,411488500,10.16,10.27,10.06,7.980348837209302,10.5
sh600000,浦发银行,2025-01-08,10.26,10.37,10.2,10.3,10.27,48237400,496301100,10.24,10.3,10.15,7.987072463768116,10.5
sh600000,浦发银行,2025-01-09,10.33,10.33,10.13,10.19,10.3,39221900,401208200,10.253333333333332,10.3,10.19,7.993439306358382,10.5
sh600000,浦发银行,2025-01-10,10.23,10.28,10.03,10.13,10.19,31933500,324388900,10.206666666666667,10.3,10.13,7.999596541786744,10.5
sh600000,浦发银行,2025-01-13,10.06,10.13,9.85,10.0,10.13,38217700,381632200,10.106666666666667,10.19,10.0,8.005344827586207,10.5
sh600000,浦发银行,2025-01-14,10.03,10.21,9.94,10.16,10.0,38658700,390328900,10.096666666666668,10.16,10.0,8.011518624641834,10.5
sh600000,浦发银行,2025-01-15,10.16,10.39,10.13,10.21,10.16,38460800,394080500,10.123333333333333,10.21,10.0,8.0178,10.5
sh600000,浦发银行,2025-01-16,10.29,10.31,10.13,10.21,10.21,33768900,344708200,10.193333333333333,10.21,10.16,8.024045584045584,10.5
sh600000,浦发银行,2025-01-17,10.25,10.3,10.08,10.27,10.21,41663200,426549500,10.23,10.27,10.21,8.030426136363637,10.5
sh600000,浦发银行,2025-01-20,10.32,10.45,10.23,10.37,10.27,37442600,388948200,10.283333333333333,10.37,10.21,8.037053824362607,10.5
sh600000,浦发银行,2025-01-21,10.36,10.48,10.27,10.37,10.37,30852100,320946700,10.336666666666666,10.37,10.27,8.04364406779661,10.5
sh600000,浦发银行,2025-01-22,10.33,10.38,10.01,10.03,10.37,58374200,589944600,10.256666666666666,10.37,10.03,8.049239436619718,10.5
sh600000,浦发银行,2025-01-23,10.11,10.37,10.06,10.31,10.03,65580700,670951800,10.236666666666666,10.37,10.03,8.05558988764045,10.5
sh600000,浦发银行,2025-01-24,10.26,10.49,10.17,10.39,10.31,72463800,752560200,10.243333333333334,10.39,10.03,8.062128851540615,10.5
sh600000,浦发银行,2025-01-27,10.42,10.7,10.4,10.65,10.39,59488200,632694600,10.450000000000001,10.65,10.31,8.069357541899441,10.65
sh600000,浦发银行,2025-02-05,10.66,10.69,10.4,10.41,10.65,51723500,542382300,10.483333333333334,10.65,10.39,8.075877437325905,10.65
sh600000,浦发银行,2025-02-06,10.38,10.5,10.3,10.43,10.41,38598400,400818900,10.496666666666668,10.65,10.41,8.082416666666667,10.65
sh600000,浦发银行,2025-02-07,10.43,10.45,10.3,10.34,10.43,45600100,472723900,10.393333333333333,10.43,10.34,8.088670360110804,10.65
sh600000,浦发银行,2025-02-10,10.32,10.44,10.23,10.27,10.34,41234700,426298000,10.346666666666666,10.43,10.27,8.094696132596686,10.65
sh600000,浦发银行,2025-02-11,10.29,10.38,10.23,10.3,10.27,34651700,356843400,10.303333333333333,10.34,10.27,8.100771349862258,10.65
sh600000,浦发银行,2025-02-12,10.32,10.42,10.24,10.41,10.3,33100300,342797100,10.326666666666668,10.41,10.27,8.107115384615383,10.65
sh600000,浦发银行,2025-02-13,10.39,10.44,10.3,10.31,10.41,48454300,501218500,10.34,10.41,10.3,8.113150684931508,10.65
sh600000,浦发银行,2025-02-14,10.35,10.43,10.25,10.41,10.31,56300600,581842500,10.376666666666667,10.41,10.31,8.119426229508196,10.65
sh600000,浦发银行,2025-02-17,10.44,10.46,10.2,10.27,10.41,52311100,538356400,10.33,10.41,10.27,8.125286103542235,10.65
sh600000,浦发银行,2025-02-18,10.26,10.54,10.21,10.5,10.27,62784000,654395100,10.393333333333333,10.5,10.27,8.131739130434783,10.65
sh600000,浦发银行,2025-02-19,10.45,10.59,10.42,10.44,10.5,42364300,444710400,10.403333333333334,10.5,10.27,8.137994579945799,10.65
sh600000,浦发银行,2025-02-20,10.42,10.49,10.34,10.39,10.44,27223600,283297500,10.443333333333333,10.5,10.39,8.144081081081081,10.65
sh600000,浦发银行,2025-02-21,10.39,10.43,10.23,10.29,10.39,50391500,519161900,10.373333333333333,10.44,10.29,8.149865229110512,10.65
sh600000,浦发银行,2025-02-24,10.27,10.31,10.19,10.21,10.29,43741400,447600700,10.296666666666667,10.39,10.21,8.15540322580645,10.65
sh600000,浦发银行,2025-02-25,10.2,10.25,10.07,10.1,10.21,37159900,377213200,10.200000000000001,10.29,10.1,8.160616621983914,10.65
sh600000,浦发银行,2025-02-26,10.15,10.32,10.12,10.18,10.1,55536700,567601100,10.163333333333334,10.21,10.1,8.166016042780749,10.65
sh600000,浦发银行,2025-02-27,10.22,10.26,10.11,10.24,10.18,37999200,387232900,10.173333333333334,10.24,10.1,8.171546666666666,10.65
sh600000,浦发银行,2025-02-28,10.23,10.3,10.17,10.17,10.24,44651100,457102800,10.196666666666667,10.24,10.17,8.17686170212766,10.65
sh600000,浦发银行,2025-03-03,10.19,10.22,10.08,10.15,10.17,43010900,436849800,10.186666666666667,10.24,10.15,8.182095490716181,10.65
sh600000,浦发银行,2025-03-04,10.1,10.19,10.1,10.1,10.15,29769800,301634400,10.139999999999999,10.17,10.1,8.187169312169312,10.65
sh600000,浦发银行,2025-03-05,10.14,10.26,10.05,10.25,10.1,41686400,424730000,10.166666666666666,10.25,10.1,8.192612137203167,10.65
sh600000,浦发银行,2025-03-06,10.25,10.26,10.08,10.13,10.25,43499400,441681600,10.160000000000002,10.25,10.1,8.19771052631579,10.65
sh600000,浦发银行,2025-03-07,10.15,10.19,10.06,10.14,10.13,37005900,374991800,10.173333333333334,10.25,10.13,8.20280839895013,10.65
sh600000,浦发银行,2025-03-10,10.1,10.14,10.01,10.1,10.14,43594500,438534300,10.123333333333333,10.14,10.1,8.207774869109947,10.65
sh600000,浦发银行,2025-03-11,10.04,10.12,10.03,10.12,10.1,35208200,354675200,10.12,10.14,10.1,8.212767624020888,10.65
sh600000,浦发银行,2025-03-12,10.12,10.18,10.01,10.12,10.12,42868900,433414400,10.113333333333333,10.12,10.1,8.217734375000001,10.65
sh600000,浦发银行,2025-03-13,10.16,10.25,10.12,10.22,10.12,46714400,476613700,10.153333333333334,10.22,10.12,8.222935064935065,10.65
sh600000,浦发银行,2025-03-14,10.28,10.49,10.24,10.42,10.22,78422100,815108900,10.253333333333334,10.42,10.12,8.228626943005182,10.65
sh600000,浦发银行,2025-03-17,10.55,10.66,10.39,10.6,10.42,59251400,626647200,10.413333333333334,10.6,10.22,8.234754521963824,10.65
sh600000,浦发银行,2025-03-18,10.63,10.72,10.52,10.64,10.6,40970600,436226200,10.553333333333335,10.64,10.42,8.240953608247422,10.65
sh600000,浦发银行,2025-03-19,10.59,10.68,10.56,10.65,10.64,34604800,367827200,10.63,10.65,10.6,8.24714652956298,10.65
sh600000,浦发银行,2025-03-20,10.64,10.69,10.6,10.66,10.65,29548500,314685900,10.65,10.66,10.64,8.253333333333334,10.66
sh600000,浦发银行,2025-03-21,10.63,10.72,10.41,10.47,10.66,56344200,594649800,10.593333333333334,10.66,10.47,8.259002557544758,10.66
sh600000,浦发银行,2025-03-24,10.42,10.63,10.42,10.61,10.47,46449700,489527200,10.58,10.66,10.47,8.265,10.66
sh600000,浦发银行,2025-03-25,10.65,10.69,10.5,10.61,10.61,37875400,401332700,10.563333333333333,10.61,10.47,8.270966921119593,10.66
sh600000,浦发银行,2025-03-26,10.6,10.61,10.45,10.47,10.61,36661000,385049600,10.563333333333334,10.61,10.47,8.276548223350254,10.66
sh600000,浦发银行,2025-03-27,10.5,10.66,10.47,10.55,10.47,42508700,449288500,10.543333333333333,10.61,10.47,8.282303797468355,10.66
sh600000,浦发银行,2025-03-28,10.53,10.57,10.41,10.44,10.55,36572900,382165200,10.486666666666666,10.55,10.44,8.287752525252525,10.66
sh600000,浦发银行,2025-03-31,10.47,10.63,10.35,10.43,10.44,49360700,518372000,10.473333333333334,10.55,10.43,8.293148614609573,10.66
sh600000,浦发银行,2025-04-01,10.43,10.46,10.22,10.35,10.43,63920400,659250500,10.406666666666666,10.44,10.35,8.298316582914573,10.66
sh600000,浦发银行,2025-04-02,10.29,10.56,10.29,10.46,10.35,45625700,477144600,10.413333333333334,10.46,10.35,8.303734335839598,10.66
sh600000,浦发银行,2025-04-03,10.29,10.5,10.29,10.48,10.46,36919300,384886900,10.430000000000001,10.48,10.35,8.309175,10.66
sh600000,浦发银行,2025-04-07,10.27,10.28,9.46,9.65,10.48,142399600,1395103400,10.196666666666667,10.48,9.65,8.312518703241896,10.66
sh600000,浦发银行,2025-04-08,9.77,10.29,9.75,10.2,9.65,149422900,1501459400,10.11,10.48,9.65,8.31721393034826,10.66
sh600000,浦发银行,2025-04-09,10.19,10.19,9.86,10.01,10.2,99714600,997750500,9.953333333333333,10.2,9.65,8.321414392059554,10.66
sh600000,浦发银行,2025-04-10,10.18,10.18,9.91,10.0,10.01,78108100,781663700,10.07,10.2,10.0,8.325569306930694,10.66
sh600000,浦发银行,2025-04-11,10.06,10.12,9.92,10.07,10.0,56246200,564930700,10.026666666666666,10.07,10.0,8.329876543209876,10.66
sh600000,浦发银行,2025-04-14,10.04,10.22,10.0,10.18,10.07,62154200,629562600,10.083333333333334,10.18,10.0,8.334433497536946,10.66
sh600000,浦发银行,2025-04-15,10.18,10.48,10.17,10.47,10.18,68556300,712990100,10.24,10.47,10.07,8.33968058968059,10.66
sh600000,浦发银行,2025-04-16,10.45,10.6,10.35,10.6,10.47,74094500,777378600,10.416666666666666,10.6,10.18,8.345220588235295,10.66
sh600000,浦发银行,2025-04-17,10.6,10.75,10.43,10.75,10.6,70420300,748750200,10.606666666666667,10.75,10.47,8.351100244498777,10.75
sh600000,浦发银行,2025-04-18,10.7,10.87,10.66,10.81,10.75,48024200,518493400,10.72,10.81,10.6,8.357097560975609,10.81
sh600000,浦发银行,2025-04-21,10.78,10.88,10.56,10.57,10.81,50053500,533248900,10.71,10.81,10.57,8.362481751824818,10.81
sh600000,浦发银行,2025-04-22,10.56,10.74,10.55,10.71,10.57,46047200,491852200,10.696666666666667,10.81,10.57,8.368179611650486,10.81
sh600000,浦发银行,2025-04-23,10.71,10.75,10.58,10.67,10.71,33992700,362271200,10.65,10.71,10.57,8.373753026634382,10.81
sh600000,浦发银行,2025-04-24,10.69,10.85,10.67,10.74,10.67,39754200,428435900,10.706666666666669,10.74,10.67,8.379468599033816,10.81
sh600000,浦发银行,2025-04-25,10.75,10.8,10.57,10.59,10.74,45447200,483223800,10.666666666666666,10.74,10.59,8.384795180722891,10.81
sh600000,浦发银行,2025-04-28,10.6,10.74,10.59,10.74,10.59,48382200,517574600,10.69,10.74,10.59,8.39045673076923,10.81
sh600000,浦发银行,2025-04-29,10.66,10.87,10.65,10.83,10.74,52112700,562869900,10.719999999999999,10.83,10.59,8.39630695443645,10.83
sh600000,浦发银行,2025-04-30,10.82,11.03,10.6,10.96,10.83,92838000,1011035900,10.843333333333334,10.96,10.74,8.402440191387559,10.96
sh600000,浦发银行,2025-05-06,11.0,11.19,10.8,11.17,10.96,97264600,1076041100,10.986666666666666,11.17,10.83,8.409045346062053,11.17
sh600000,浦发银行,2025-05-07,11.36,11.38,11.08,11.37,11.17,71916100,811933100,11.166666666666666,11.37,10.96,8.416095238095238,11.37
sh600000,浦发银行,2025-05-08,11.35,11.69,11.33,11.63,11.37,77598500,899909900,11.39,11.63,11.17,8.423729216152019,11.63
sh600000,浦发银行,2025-05-09,11.65,11.88,11.62,11.8,11.63,82148100,967087800,11.6,11.8,11.37,8.431729857819905,11.8
sh600000,浦发银行,2025-05-12,11.83,11.98,11.65,11.71,11.8,106436600,1258603100,11.713333333333333,11.8,11.63,8.439479905437352,11.8
sh600000,浦发银行,2025-05-13,11.73,12.15,11.67,12.08,11.71,85038000,1017847200,11.863333333333335,12.08,11.71,8.448066037735849,12.08
sh600000,浦发银行,2025-05-14,11.99,12.19,11.96,12.15,12.08,72183400,873575400,11.979999999999999,12.15,11.71,8.456776470588235,12.15
sh600000,浦发银行,2025-05-15,12.17,12.35,12.09,12.29,12.15,64989900,796202000,12.173333333333332,12.29,12.08,8.465774647887324,12.29
sh600000,浦发银行,2025-05-16,12.31,12.38,12.05,12.1,12.29,61049700,742473900,12.18,12.29,12.1,8.474285714285715,12.29
sh600000,浦发银行,2025-05-19,12.2,12.25,11.97,12.0,12.1,63137400,762689400,12.13,12.29,12.0,8.482523364485981,12.29
sh600000,浦发银行,2025-05-20,12.02,12.34,12.01,12.27,12.0,80013500,976894500,12.123333333333333,12.27,12.0,8.49135198135198,12.29
sh600000,浦发银行,2025-05-21,12.27,12.42,12.2,12.27,12.27,41672100,513339100,12.18,12.27,12.0,8.50013953488372,12.29
sh600000,浦发银行,2025-05-22,12.22,12.53,12.19,12.43,12.27,63895100,792331600,12.323333333333332,12.43,12.27,8.50925754060325,12.43
sh600000,浦发银行,2025-05-23,12.39,12.48,12.22,12.23,12.43,57961600,712934900,12.31,12.43,12.23,8.51787037037037,12.43
sh600000,浦发银行,2025-05-26,12.19,12.25,11.99,12.05,12.23,86375800,1043951400,12.236666666666666,12.43,12.05,8.526027713625867,12.43
sh600000,浦发银行,2025-05-27,12.11,12.25,12.05,12.19,12.05,51170100,622457300,12.156666666666666,12.23,12.05,8.53447004608295,12.43
sh600000,浦发银行,2025-05-28,12.2,12.33,12.13,12.22,12.19,45763200,559946100,12.153333333333334,12.22,12.05,8.542942528735631,12.43
sh600000,浦发银行,2025-05-29,12.21,12.27,12.17,12.17,12.22,39604100,483788800,12.193333333333333,12.22,12.17,8.551261467889908,12.43
sh600000,浦发银行,2025-05-30,12.2,12.41,12.17,12.33,12.17,74173900,912668300,12.24,12.33,12.17,8.559908466819222,12.43
sh600000,浦发银行,2025-06-03,12.31,12.57,12.23,12.54,12.33,83435300,1038149400,12.346666666666666,12.54,12.17,8.568995433789954,12.54
sh600000,浦发银行,2025-06-04,12.48,12.53,12.33,12.38,12.54,54685100,677861300,12.416666666666666,12.54,12.33,8.577676537585422,12.54
sh600000,浦发银行,2025-06-05,12.42,12.45,12.28,12.32,12.38,37014500,456671700,12.413333333333334,12.54,12.32,8.586181818181819,12.54
sh600000,浦发银行,2025-06-06,12.33,12.39,12.21,12.32,12.32,43240200,531488400,12.340000000000002,12.38,12.32,8.594648526077098,12.54
sh600000,浦发银行,2025-06-09,12.31,12.34,12.1,12.31,12.32,56578100,691788900,12.316666666666668,12.32,12.31,8.603054298642535,12.54
sh600000,浦发银行,2025-06-10,12.28,12.45,12.26,12.36,12.31,49879700,616254400,12.33,12.36,12.31,8.611534988713318,12.54
sh600000,浦发银行,2025-06-11,12.36,12.42,12.24,12.35,12.36,44114100,544126400,12.339999999999998,12.36,12.31,8.619954954954956,12.54
sh600000,浦发银行,2025-06-12,12.35,12.5,12.23,12.46,12.35,47676700,592474600,12.39,12.46,12.35,8.628584269662921,12.54
sh600000,浦发银行,2025-06-13,12.5,12.55,12.28,12.34,12.46,61844900,764861400,12.383333333333333,12.46,12.34,8.636905829596412,12.54
sh600000,浦发银行,2025-06-16,12.34,12.6,12.21,12.58,12.34,51085400,635504900,12.46,12.58,12.34,8.64572706935123,12.58
sh600000,浦发银行,2025-06-17,12.58,12.65,12.45,12.54,12.58,37369800,468354100,12.486666666666666,12.58,12.34,8.654419642857142,12.58
sh600000,浦发银行,2025-06-18,12.56,12.83,12.51,12.78,12.54,69854000,890776700,12.633333333333333,12.78,12.54,8.663608017817372,12.78
sh600000,浦发银行,2025-06-19,12.78,12.84,12.64,12.74,12.78,43768000,557599600,12.686666666666667,12.78,12.54,8.672666666666666,12.78
sh600000,浦发银行,2025-06-20,12.78,13.02,12.73,13.02,12.74,69793400,903428600,12.846666666666666,13.02,12.74,8.68230598669623,13.02
sh600000,浦发银行,2025-06-23,12.98,13.36,12.88,13.31,13.02,81059200,1067412000,13.023333333333333,13.31,12.74,8.69254424778761,13.31
sh600000,浦发银行,2025-06-24,13.31,13.54,13.16,13.31,13.31,84287600,1123477700,13.213333333333333,13.31,13.02,8.702737306843268,13.31
sh600000,浦发银行,2025-06-25,13.31,13.52,13.2,13.46,13.31,56329900,752682300,13.360000000000001,13.46,13.31,8.713215859030838,13.46
sh600000,浦发银行,2025-06-26,13.4,13.65,13.3,13.62,13.46,66332900,895310700,13.463333333333333,13.62,13.31,8.724,13.62
sh600000,浦发银行,2025-06-27,13.63,13.99,13.44,13.55,13.62,145112700,1990098900,13.543333333333331,13.62,13.46,8.734583333333333,13.62
sh600000,浦发银行,2025-06-30,13.4,13.98,13.25,13.88,13.55,95051500,1297775500,13.683333333333332,13.88,13.55,8.745842450765863,13.88
sh600000,浦发银行,2025-07-01,13.88,14.33,13.87,14.18,13.88,87707100,1242184700,13.87,14.18,13.55,8.757707423580786,14.18
sh600000,浦发银行,2025-07-02,14.2,14.4,14.1,14.2,14.18,68484200,977656400,14.086666666666666,14.2,13.88,8.769564270152506,14.2
sh600000,浦发银行,2025-07-03,14.21,14.28,14.09,14.18,14.2,50965600,722233400,14.186666666666666,14.2,14.18,8.781326086956522,14.2
sh600000,浦发银行,2025-07-04,14.15,14.75,14.14,14.58,14.18,93567900,1359237800,14.319999999999999,14.58,14.18,8.793904555314533,14.58
sh600000,浦发银行,2025-07-07,14.66,14.8,14.51,14.6,14.58,64970500,951840300,14.453333333333333,14.6,14.18,8.806471861471861,14.6
sh600000,浦发银行,2025-07-08,14.58,14.62,14.15,14.23,14.6,113914600,1624827300,14.47,14.6,14.23,8.81818574514039,14.6
sh600000,浦发银行,2025-07-09,14.2,14.3,14.12,14.17,14.23,81763000,1162380700,14.333333333333334,14.6,14.17,8.829719827586207,14.6
sh600000,浦发银行,2025-07-10,14.17,14.34,14.13,14.2,14.17,115968300,1652800800,14.199999999999998,14.23,14.17,8.8412688172043,14.6
sh600000,浦发银行,2025-07-11,14.17,14.24,13.8,13.8,14.2,161683700,2258575200,14.056666666666667,14.2,13.8,8.851909871244635,14.6
sh600000,浦发银行,2025-07-14,13.75,14.15,13.75,14.11,13.8,114977300,1614456100,14.036666666666667,14.2,13.8,8.863169164882228,14.6
sh600000,浦发银行,2025-07-15,14.15,14.2,13.83,13.93,14.11,76673200,1073790900,13.946666666666667,14.11,13.8,8.873995726495727,14.6
sh600000,浦发银行,2025-07-16,13.54,13.6,13.26,13.48,13.93,81426900,1092141800,13.839999999999998,14.11,13.48,8.883816631130065,14.6
sh600000,浦发银行,2025-07-17,13.48,13.58,13.4,13.44,13.48,47080800,633619300,13.616666666666667,13.93,13.44,8.893510638297872,14.6
sh600000,浦发银行,2025-07-18,13.47,13.65,13.39,13.46,13.44,56174700,758987600,13.46,13.48,13.44,8.903205944798302,14.6
sh600000,浦发银行,2025-07-21,13.46,13.54,13.36,13.48,13.46,55881700,751457600,13.46,13.48,13.44,8.912902542372882,14.6
sh600000,浦发银行,2025-07-22,13.46,13.51,13.2,13.23,13.48,91190500,1212020100,13.39,13.48,13.23,8.922029598308669,14.6
sh600000,浦发银行,2025-07-23,13.2,13.49,13.2,13.33,13.23,67673400,904049600,13.34666666666667,13.48,13.23,8.93132911392405,14.6
sh600000,浦发银行,2025-07-24,13.37,13.37,13.05,13.06,13.33,97343300,1280091400,13.206666666666665,13.33,13.06,8.940021052631579,14.6
sh600000,浦发银行,2025-07-25,13.03,13.23,13.03,13.07,13.06,65621800,860317400,13.153333333333334,13.33,13.06,8.948697478991596,14.6
sh600000,浦发银行,2025-07-28,13.12,13.2,13.03,13.08,13.07,76297500,1002195900,13.07,13.08,13.06,8.957358490566037,14.6
sh600000,浦发银行,2025-07-29,13.07,13.12,12.78,12.79,13.08,78920000,1017206000,12.979999999999999,13.08,12.79,8.965376569037657,14.6
sh600000,浦发银行,2025-07-30,12.84,12.93,12.73,12.88,12.79,72158100,928059500,12.916666666666666,13.08,12.79,8.973549060542798,14.6
sh600000,浦发银行,2025-07-31,12.87,12.9,12.71,12.81,12.88,68538700,875810500,12.826666666666668,12.88,12.79,8.981541666666667,14.6
sh600000,浦发银行,2025-08-01,12.82,12.98,12.58,12.92,12.81,79386100,1018578900,12.87,12.92,12.81,8.989729729729731,14.6
sh600000,浦发银行,2025-08-04,12.9,13.45,12.9,13.13,12.92,99782700,1321632200,12.953333333333333,13.13,12.81,8.998319502074688,14.6
sh600000,浦发银行,2025-08-05,13.15,13.78,13.14,13.75,13.13,133646600,1812400000,13.266666666666666,13.75,12.92,9.008157349896479,14.6
sh600000,浦发银行,2025-08-06,13.75,13.85,13.63,13.79,13.75,84891800,1170588500,13.556666666666667,13.79,13.13,9.018037190082644,14.6
sh600000,浦发银行,2025-08-07,14.08,14.08,13.66,13.93,13.79,96558100,1337645600,13.823333333333332,13.93,13.75,9.028164948453608,14.6
sh600000,浦发银行,2025-08-08,13.96,14.29,13.91,14.17,13.93,96742900,1367882500,13.963333333333333,14.17,13.79,9.038744855967078,14.6
sh600000,浦发银行,2025-08-11,14.1,14.2,13.85,13.98,14.17,89510400,1249751400,14.026666666666666,14.17,13.93,9.048891170431212,14.6
sh600000,浦发银行,2025-08-12,13.97,14.12,13.87,13.89,13.98,76628200,1072660900,14.013333333333334,14.17,13.89,9.058811475409836,14.6
sh600000,浦发银行,2025-08-13,13.98,14.03,13.8,13.83,13.89,79039600,1097891600,13.9,13.98,13.83,9.068568507157464,14.6
sh600000,浦发银行,2025-08-14,13.83,13.98,13.79,13.87,13.83,71280000,990881000,13.863333333333335,13.89,13.83,9.078367346938775,14.6
sh600000,浦发银行,2025-08-15,13.85,13.95,13.55,13.59,13.87,93067800,1271714100,13.763333333333334,13.87,13.59,9.087556008146638,14.6
sh600000,浦发银行,2025-08-18,13.53,13.72,13.47,13.64,13.59,83579900,1134949200,13.700000000000001,13.87,13.59,9.096808943089432,14.6
sh600000,浦发银行,2025-08-19,13.64,13.76,13.58,13.69,13.64,49497300,678047600,13.64,13.69,13.59,9.106125760649087,14.6
sh600000,浦发银行,2025-08-20,13.69,13.87,13.6,13.72,13.69,60322200,829302700,13.683333333333332,13.72,13.64,9.115465587044534,14.6
sh600000,浦发银行,2025-08-21,13.7,13.86,13.59,13.78,13.72,57468500,791948400,13.729999999999999,13.78,13.69,9.124888888888888,14.6
sh600000,浦发银行,2025-08-22,13.81,13.95,13.77,13.94,13.78,64098100,888813300,13.813333333333333,13.94,13.72,9.134596774193549,14.6
sh600000,浦发银行,2025-08-25,13.9,14.05,13.76,14.03,13.94,63137200,877162400,13.916666666666666,14.03,13.78,9.144446680080483,14.6
sh600000,浦发银行,2025-08-26,14.0,14.15,13.82,14.03,14.03,59365800,831883200,14.0,14.03,13.94,9.154257028112449,14.6
sh600000,浦发银行,2025-08-27,13.95,14.0,13.7,13.75,14.03,76975400,1065617600,13.936666666666667,14.03,13.75,9.163466933867735,14.6
sh600000,浦发银行,2025-08-28,13.65,13.94,13.44,13.86,13.75,95618100,1314340500,13.88,14.03,13.75,9.17286,14.6
sh600000,浦发银行,2025-08-29,13.81,13.99,13.63,13.63,13.86,128276400,1769228000,13.746666666666664,13.86,13.63,9.181756487025948,14.6
sh600000,浦发银行,2025-09-01,13.68,13.9,13.45,13.49,13.63,116131600,1584600500,13.659999999999998,13.86,13.49,9.190338645418327,14.6
sh600000,浦发银行,2025-09-02,13.43,13.75,13.39,13.73,13.49,79527100,1078332700,13.616666666666667,13.73,13.49,9.199363817097415,14.6
sh600000,浦发银行,2025-09-03,13.73,13.87,13.61,13.78,13.73,75418900,1039563300,13.666666666666666,13.78,13.49,9.208452380952382,14.6
sh600000,浦发银行,2025-09-04,13.7,13.85,13.5,13.77,13.78,101214000,1382067000,13.76,13.78,13.73,9.217485148514852,14.6
sh600000,浦发银行,2025-09-05,13.74,13.78,13.47,13.69,13.77,79038600,1081534600,13.746666666666668,13.78,13.69,9.226324110671937,14.6
sh600000,浦发银行,2025-09-08,13.69,13.98,13.53,13.58,13.69,123553500,1702186600,13.68,13.77,13.58,9.234911242603552,14.6
sh600000,浦发银行,2025-09-09,13.69,14.02,13.62,14.02,13.58,117067200,1622965800,13.763333333333334,14.02,13.58,9.244330708661417,14.6
sh600000,浦发银行,2025-09-10,14.06,14.07,13.83,13.97,14.02,83617800,1169472100,13.856666666666667,14.02,13.58,9.25361493123772,14.6
sh600000,浦发银行,2025-09-11,13.93,14.17,13.88,14.12,13.97,83259300,1168876200,14.036666666666667,14.12,13.97,9.263156862745099,14.6
sh600000,浦发银行,2025-09-12,14.14,14.25,13.45,13.6,14.12,137797400,1890112500,13.896666666666667,14.12,13.6,9.27164383561644,14.6
sh600000,浦发银行,2025-09-15,13.51,13.69,13.37,13.43,13.6,84060800,1136419800,13.716666666666667,14.12,13.43,9.279765625,14.6
sh600000,浦发银行,2025-09-16,13.41,13.44,13.13,13.16,13.43,88505800,1171744800,13.396666666666667,13.6,13.16,9.287329434697854,14.6
sh600000,浦发银行,2025-09-17,13.15,13.25,12.95,12.96,13.16,66621800,869297900,13.183333333333332,13.43,12.96,9.294474708171206,14.6
sh600000,浦发银行,2025-09-18,12.96,13.01,12.68,12.75,12.96,106507300,1365758800,12.956666666666665,13.16,12.75,9.301184466019416,14.6
sh600000,浦发银行,2025-09-19,12.69,12.9,12.56,12.81,12.75,79638300,1015780800,12.840000000000002,12.96,12.75,9.307984496124032,14.6
sh600000,浦发银行,2025-09-22,12.78,12.8,12.5,12.54,12.81,49180600,620006400,12.700000000000001,12.81,12.54,9.314235976789169,14.6
sh600000,浦发银行,2025-09-23,12.51,12.65,12.36,12.45,12.54,77159100,962632000,12.6,12.81,12.45,9.320289575289575,14.6
sh600000,浦发银行,2025-09-24,12.45,12.54,12.06,12.22,12.45,102755900,1255684200,12.403333333333334,12.54,12.22,9.325876685934489,14.6
sh600000,浦发银行,2025-09-25,12.23,12.55,12.13,12.43,12.22,128885100,1599981400,12.366666666666667,12.45,12.22,9.331846153846154,14.6
sh600000,浦发银行,2025-09-26,12.37,12.48,11.9,12.25,12.43,84171100,1024777700,12.299999999999999,12.43,12.22,9.337447216890595,14.6
sh600000,浦发银行,2025-09-29,12.25,12.26,11.95,12.06,12.25,86111700,1041131900,12.246666666666668,12.43,12.06,9.342662835249042,14.6
sh600000,浦发银行,2025-09-30,12.07,12.11,11.81,11.9,12.06,90383600,1077479700,12.07,12.25,11.9,9.34755258126195,14.6
sh600000,浦发银行,2025-10-09,11.75,11.87,11.63,11.8,11.9,81279100,957141400,11.920000000000002,12.06,11.8,9.35223282442748,14.6
sh600000,浦发银行,2025-10-10,11.79,12.03,11.68,11.84,11.8,93757400,1113065200,11.846666666666666,11.9,11.8,9.356971428571429,14.6
sh600000,浦发银行,2025-10-13,11.97,12.6,11.78,12.51,11.84,209588200,2580353800,12.050000000000002,12.51,11.8,9.36296577946768,14.6
sh600000,浦发银行,2025-10-14,12.45,12.87,12.31,12.77,12.51,146399400,1860041600,12.373333333333333,12.77,11.84,9.36943074003795,14.6
sh600000,浦发银行,2025-10-15,12.75,13.24,12.63,13.17,12.77,122625300,1591811200,12.816666666666668,13.17,12.51,9.376628787878786,14.6
sh600000,浦发银行,2025-10-16,13.16,13.53,13.11,13.32,13.17,99838600,1328610600,13.086666666666666,13.32,12.77,9.384083175803402,14.6
sh600000,浦发银行,2025-10-17,13.29,13.44,13.11,13.32,13.32,81693200,1084436700,13.270000000000001,13.32,13.17,9.391509433962264,14.6
sh600000,浦发银行,2025-10-20,13.27,13.27,12.93,12.99,13.32,80678800,1053892600,13.209999999999999,13.32,12.99,9.39828625235405,14.6
sh600000,浦发银行,2025-10-21,12.99,13.3,12.92,12.99,12.99,154403200,2026895600,13.1,13.32,12.99,9.40503759398496,14.6
sh600000,浦发银行,2025-10-22,12.97,13.15,12.81,13.03,12.99,119621800,1553039700,13.003333333333332,13.03,12.99,9.411838649155722,14.6
sh600000,浦发银行,2025-10-23,13.03,13.1,12.84,12.97,13.03,80652300,1045171800,12.996666666666668,13.03,12.97,9.418501872659176,14.6
sh600000,浦发银行,2025-10-24,12.99,13.1,12.83,12.98,12.97,183342900,2383331200,12.993333333333332,13.03,12.97,9.425158878504673,14.6
sh600000,浦发银行,2025-10-27,12.92,13.06,12.83,12.97,12.98,151666000,1964302300,12.973333333333334,12.98,12.97,9.431772388059702,14.6
sh600000,浦发银行,2025-10-28,13.01,13.07,12.23,12.39,12.97,159866300,1992336100,12.780000000000001,12.98,12.39,9.437281191806331,14.6
sh600000,浦发银行,2025-10-29,12.31,12.36,11.75,11.81,12.39,165619800,1970345800,12.39,12.97,11.81,9.441691449814126,14.6
sh600000,浦发银行,2025-10-30,11.79,11.83,11.62,11.64,11.81,122375800,1430066900,11.946666666666667,12.39,11.64,9.445769944341373,14.6
sh600000,浦发银行,2025-10-31,11.72,11.74,11.49,11.49,11.64,143534200,1657883800,11.646666666666667,11.81,11.49,9.449555555555555,14.6
sh600000,浦发银行,2025-11-03,11.49,11.64,11.37,11.41,11.49,123384200,1414090300,11.513333333333334,11.64,11.41,9.453179297597043,14.6
sh600000,浦发银行,2025-11-04,11.4,11.63,11.36,11.62,11.41,134964300,1553428300,11.506666666666666,11.62,11.41,9.457177121771217,14.6
sh600000,浦发银行,2025-11-05,11.64,11.96,11.58,11.86,11.62,162186600,1915573400,11.63,11.86,11.41,9.46160220994475,14.6
sh600000,浦发银行,2025-11-06,11.8,11.8,11.59,11.66,11.86,127867400,1491236100,11.713333333333333,11.86,11.62,9.465643382352942,14.6
sh600000,浦发银行,2025-11-07,11.64,11.75,11.59,11.7,11.66,93125200,1088148800,11.74,11.86,11.66,9.469743119266056,14.6
sh600000,浦发银行,2025-11-10,11.65,11.8,11.61,11.69,11.7,90615800,1060061800,11.683333333333332,11.7,11.66,9.473809523809523,14.6
sh600000,浦发银行,2025-11-11,11.67,11.73,11.6,11.67,11.69,78910700,920058000,11.686666666666666,11.7,11.67,9.47782449725777,14.6
sh600000,浦发银行,2025-11-12,11.69,11.92,11.66,11.68,11.67,150937600,1773400000,11.68,11.69,11.67,9.48184306569343,14.6
sh600000,浦发银行,2025-11-13,11.66,11.72,11.51,11.66,11.68,121769500,1414343300,11.67,11.68,11.66,9.485810564663023,14.6
sh600000,浦发银行,2025-11-14,11.61,11.77,11.61,11.62,11.66,113543200,1326048600,11.65333333333333,11.68,11.62,9.489690909090909,14.6
sh600000,浦发银行,2025-11-17,11.6,11.65,11.35,11.37,11.62,98485500,1127109400,11.549999999999999,11.66,11.37,9.493103448275862,14.6
sh600000,浦发银行,2025-11-18,11.35,11.45,11.25,11.45,11.37,56503100,642965700,11.479999999999999,11.62,11.37,9.496648550724638,14.6
sh600000,浦发银行,2025-11-19,11.43,11.62,11.4,11.56,11.45,93264400,1078378200,11.459999999999999,11.56,11.37,9.500379746835444,14.6
sh600000,浦发银行,2025-11-20,11.54,11.81,11.49,11.7,11.56,116125000,1361974200,11.57,11.7,11.45,9.504350180505416,14.6
sh600000,浦发银行,2025-11-21,11.7,11.74,11.5,11.52,11.7,100248700,1161931500,11.593333333333334,11.7,11.52,9.507981981981983,14.6
sh600000,浦发银行,2025-11-24,11.54,11.65,11.49,11.53,11.52,94815400,1097744200,11.583333333333334,11.7,11.52,9.511618705035971,14.6
sh600000,浦发银行,2025-11-25,11.53,11.64,11.45,11.61,11.53,55709500,643212900,11.553333333333333,11.61,11.52,9.515385996409336,14.6
sh600000,浦发银行,2025-11-26,11.63,11.67,11.45,11.48,11.61,60877000,702261800,11.54,11.61,11.48,9.518906810035842,14.6
sh600000,浦发银行,2025-11-27,11.42,11.78,11.31,11.62,11.48,93698600,1086584200,11.569999999999999,11.62,11.48,9.522665474060823,14.6
sh600000,浦发银行,2025-11-28,11.6,11.7,11.46,11.48,11.62,79682700,921539800,11.526666666666666,11.62,11.48,9.526160714285714,14.6
sh600000,浦发银行,2025-12-01,11.41,11.55,11.37,11.54,11.48,68000200,779356700,11.546666666666667,11.62,11.48,9.529750445632798,14.6
sh600000,浦发银行,2025-12-02,11.51,11.58,11.43,11.45,11.54,50331400,577904100,11.49,11.54,11.45,9.533167259786477,14.6
sh600000,浦发银行,2025-12-03,11.42,11.5,11.3,11.3,11.45,65916700,751358300,11.43,11.54,11.3,9.536305506216696,14.6
sh600000,浦发银行,2025-12-04,11.33,11.33,11.15,11.25,11.3,45066800,506206400,11.333333333333334,11.45,11.25,9.539343971631205,14.6
sh600000,浦发银行,2025-12-05,11.23,11.32,11.14,11.26,11.25,56770700,637399500,11.270000000000001,11.3,11.25,9.542389380530974,14.6
sh600000,浦发银行,2025-12-08,11.26,11.43,11.23,11.39,11.26,89418400,1017232400,11.299999999999999,11.39,11.25,9.54565371024735,14.6
sh600000,浦发银行,2025-12-09,11.41,11.43,11.31,11.32,11.39,58585900,664542000,11.323333333333332,11.39,11.26,9.548783068783068,14.6
sh600000,浦发银行,2025-12-10,11.32,11.33,11.14,11.28,11.32,70831400,794675000,11.33,11.39,11.28,9.551830985915492,14.6
sh600000,浦发银行,2025-12-11,11.3,11.45,11.22,11.44,11.28,107586800,1222579700,11.346666666666666,11.44,11.28,9.555149384885764,14.6
sh600000,浦发银行,2025-12-12,11.41,11.61,11.35,11.61,11.44,145372600,1672795500,11.443333333333333,11.61,11.28,9.558754385964912,14.6
sh600000,浦发银行,2025-12-15,11.59,11.75,11.5,11.66,11.61,111508200,1302167000,11.57,11.66,11.44,9.562434325744308,14.6
sh600000,浦发银行,2025-12-16,11.67,11.72,11.42,11.55,11.66,86733400,1000970400,11.606666666666667,11.66,11.55,9.565909090909091,14.6
sh600000,浦发银行,2025-12-17,11.54,11.67,11.45,11.54,11.55,60894800,704546700,11.583333333333334,11.66,11.54,9.56935427574171,14.6
sh600000,浦发银行,2025-12-18,11.59,11.79,11.48,11.78,11.54,69201000,809469500,11.623333333333333,11.78,11.54,9.573205574912892,14.6
sh600000,浦发银行,2025-12-19,11.72,11.8,11.65,11.69,11.78,67815100,794336400,11.67,11.78,11.54,9.57688695652174,14.6
sh600000,浦发银行,2025-12-22,11.65,11.69,11.54,11.64,11.69,49907300,580340500,11.703333333333333,11.78,11.64,9.580468750000001,14.6
sh600000,浦发银行,2025-12-23,11.67,11.88,11.62,11.83,11.64,61488300,724111800,11.719999999999999,11.83,11.64,9.584367417677644,14.6
sh600000,浦发银行,2025-12-24,11.83,11.9,11.75,11.81,11.83,46510600,550611100,11.76,11.83,11.64,9.588217993079585,14.6
sh600000,浦发银行,2025-12-25,11.8,11.86,11.74,11.77,11.81,30326300,357369100,11.803333333333335,11.83,11.77,9.591986183074267,14.6
sh600000,浦发银行,2025-12-26,11.77,11.82,11.71,11.72,11.77,29816900,350344900,11.766666666666666,11.81,11.72,9.595655172413792,14.6
sh600000,浦发银行,2025-12-29,11.74,12.22,11.68,12.17,11.72,87875800,1055110800,11.886666666666665,12.17,11.72,9.600086058519793,14.6
sh600000,浦发银行,2025-12-30,12.17,12.41,12.1,12.39,12.17,74051100,910372300,12.093333333333334,12.39,11.72,9.60487972508591,14.6
sh600000,浦发银行,2025-12-31,12.35,12.45,12.14,12.44,12.39,82445900,1016605900,12.333333333333334,12.44,12.17,9.609742710120068,14.6
sh600000,浦发银行,2026-01-05,12.47,12.48,11.8,11.82,12.44,122284400,1459886400,12.216666666666667,12.44,11.82,9.613527397260274,14.6
sh600000,浦发银行,2026-01-06,11.78,12.03,11.71,12.0,11.82,121375400,1439780600,12.086666666666666,12.44,11.82,9.617606837606838,14.6
sh600000,浦发银行,2026-01-07,11.91,11.98,11.76,11.79,12.0,70474200,833114800,11.87,12.0,11.79,9.621313993174061,14.6
sh600000,浦发银行,2026-01-08,11.78,11.78,11.48,11.54,11.79,80017300,924663700,11.776666666666666,12.0,11.54,9.62458262350937,14.6
sh600000,浦发银行,2026-01-09,11.56,11.57,11.46,11.54,11.54,42361600,487401000,11.623333333333333,11.79,11.54,9.627840136054422,14.6
sh600000,浦发银行,2026-01-12,11.55,11.68,11.51,11.66,11.54,60110200,697500200,11.579999999999998,11.66,11.54,9.631290322580645,14.6
sh600000,浦发银行,2026-01-13,11.72,11.75,11.54,11.57,11.66,49620100,577967700,11.589999999999998,11.66,11.54,9.63457627118644,14.6
sh600000,浦发银行,2026-01-14,11.61,11.64,11.22,11.24,11.57,136564400,1562032300,11.49,11.66,11.24,9.637292724196278,14.6
sh600000,浦发银行,2026-01-15,11.22,11.26,11.16,11.16,11.24,69278300,776363000,11.323333333333332,11.57,11.16,9.639864864864865,14.6
sh600000,浦发银行,2026-01-16,11.19,11.27,10.88,11.04,11.16,126811300,1399112200,11.146666666666667,11.24,11.04,9.64222596964587,14.6
sh600000,浦发银行,2026-01-19,10.99,11.21,10.93,11.12,11.04,73155100,811475500,11.106666666666664,11.16,11.04,9.644713804713804,14.6
sh600000,浦发银行,2026-01-20,11.1,11.11,10.94,11.03,11.12,73525900,809278400,11.063333333333333,11.12,11.03,9.647042016806722,14.6
sh600000,浦发银行,2026-01-21,11.03,11.06,10.71,10.74,11.03,96262200,1044627500,10.963333333333333,11.12,10.74,9.648875838926173,14.6
sh600000,浦发银行,2026-01-22,10.74,10.9,10.6,10.63,10.74,152975400,1633552700,10.799999999999999,11.03,10.63,9.650519262981573,14.6
sh600000,浦发银行,2026-01-23,10.63,10.66,10.47,10.51,10.63,132324400,1394174200,10.626666666666667,10.74,10.51,9.65195652173913,14.6
sh600000,浦发银行,2026-01-26,10.49,10.53,10.34,10.35,10.51,149077100,1552120300,10.496666666666668,10.63,10.35,9.653121869782971,14.6
sh600000,浦发银行,2026-01-27,10.34,10.4,10.18,10.2,10.35,95430000,983073800,10.353333333333332,10.51,10.2,9.654033333333333,14.6
sh600000,浦发银行,2026-01-28,10.2,10.26,10.01,10.05,10.2,140090200,1416381400,10.200000000000001,10.35,10.05,9.654692179700499,14.6
sh600000,浦发银行,2026-01-29,10.03,10.19,9.88,10.15,10.05,182164700,1823281200,10.133333333333333,10.2,10.05,9.655514950166113,14.6
sh600000,浦发银行,2026-01-30,10.14,10.28,10.01,10.04,10.15,110436800,1119322300,10.08,10.15,10.04,9.656152570480929,14.6
sh600000,浦发银行,2026-02-02,10.07,10.25,10.03,10.06,10.04,105771200,1072786000,10.083333333333334,10.15,10.04,9.65682119205298,14.6
sh600000,浦发银行,2026-02-03,10.06,10.07,9.91,10.02,10.06,77669500,775509800,10.04,10.06,10.02,9.657421487603305,14.6
sh600000,浦发银行,2026-02-04,10.0,10.15,9.98,10.13,10.02,67249000,678972200,10.07,10.13,10.02,9.658201320132013,14.6
sh600000,浦发银行,2026-02-05,10.15,10.28,10.13,10.23,10.13,97223700,992778900,10.126666666666667,10.23,10.02,9.659143327841846,14.6
sh600000,浦发银行,2026-02-06,10.24,10.27,10.06,10.12,10.23,75925600,769321600,10.159999999999998,10.23,10.12,9.659901315789474,14.6
sh600000,浦发银行,2026-02-09,10.11,10.24,10.08,10.18,10.12,61171500,621933900,10.176666666666668,10.23,10.12,9.660755336617404,14.6
sh600000,浦发银行,2026-02-10,10.19,10.24,10.15,10.18,10.18,46429800,472864700,10.159999999999998,10.18,10.12,9.661606557377048,14.6
sh600000,浦发银行,2026-02-11,10.18,10.19,10.11,10.17,10.18,39338800,399584900,10.176666666666668,10.18,10.17,9.662438625204583,14.6
sh600000,浦发银行,2026-02-12,10.17,10.18,9.96,9.98,10.17,98376300,985620900,10.110000000000001,10.18,9.98,9.662957516339869,14.6
sh600000,浦发银行,2026-02-13,9.98,10.03,9.88,9.89,9.98,70040700,696614500,10.013333333333334,10.17,9.89,9.663327895595431,14.6
sh600000,浦发银行,2026-02-24,9.98,10.02,9.9,9.9,9.89,54739300,544210500,9.923333333333334,9.98,9.89,9.663713355048861,14.6
sh600000,浦发银行,2026-02-25,9.9,9.94,9.79,9.79,9.9,87423400,862104900,9.86,9.9,9.79,9.663918699186992,14.6
sh600000,浦发银行,2026-02-26,9.8,9.83,9.69,9.73,9.79,76025000,740273800,9.806666666666667,9.9,9.73,9.664025974025973,14.6
sh600000,浦发银行,2026-02-27,9.73,9.84,9.7,9.72,9.73,80281000,781977700,9.746666666666668,9.79,9.72,9.664116693679093,14.6
sh600000,浦发银行,2026-03-02,9.69,9.77,9.58,9.68,9.72,73404600,710795800,9.71,9.73,9.68,9.664142394822006,14.6
sh600000,浦发银行,2026-03-03,9.66,9.82,9.61,9.73,9.68,112936400,1098196700,9.709999999999999,9.73,9.68,9.664248788368337,14.6
sh600000,浦发银行,2026-03-04,9.69,9.7,9.43,9.6,9.73,161755600,1544304100,9.67,9.73,9.6,9.664145161290323,14.6
sh600000,浦发银行,2026-03-05,9.56,9.81,9.56,9.78,9.6,119745300,1163684600,9.703333333333333,9.78,9.6,9.664331723027376,14.6
sh600000,浦发银行,2026-03-06,9.74,9.9,9.71,9.89,9.78,72726000,714778100,9.756666666666666,9.89,9.6,9.664694533762058,14.6
sh600000,浦发银行,2026-03-09,9.83,10.02,9.77,9.85,9.89,116840500,1156617300,9.840000000000002,9.89,9.78,9.664991974317816,14.6
sh600000,浦发银行,2026-03-10,9.83,9.99,9.8,9.96,9.85,64916400,643507100,9.9,9.96,9.85,9.665464743589743,14.6
sh600000,浦发银行,2026-03-11,9.97,10.1,9.85,10.07,9.96,100884600,1010756000,9.96,10.07,9.85,9.666112,14.6
sh600000,浦发银行,2026-03-12,10.04,10.2,10.01,10.18,10.07,89418300,905889100,10.07,10.18,9.96,9.666932907348242,14.6
sh600000,浦发银行,2026-03-13,10.16,10.41,10.13,10.26,10.18,99676700,1024835900,10.17,10.26,10.07,9.667878787878788,14.6
sh600000,浦发银行,2026-03-16,10.22,10.32,10.22,10.29,10.26,66490500,683009100,10.243333333333332,10.29,10.18,9.668869426751593,14.6
sh600000,浦发银行,2026-03-17,10.27,10.42,10.27,10.38,10.29,76260100,791762000,10.31,10.38,10.26,9.67,14.6
sh600000,浦发银行,2026-03-18,10.38,10.42,10.3,10.37,10.38,65221900,676223800,10.346666666666666,10.38,10.29,9.671111111111111,14.6
sh600000,浦发银行,2026-03-19,10.32,10.4,10.25,10.32,10.37,75867200,784461800,10.356666666666667,10.38,10.32,9.672139461172742,14.6
sh600000,浦发银行,2026-03-20,10.33,10.46,10.28,10.28,10.32,74883600,776364500,10.323333333333332,10.37,10.28,9.673101265822785,14.6
sh600000,浦发银行,2026-03-23,10.23,10.23,9.85,9.86,10.28,93394500,933688800,10.153333333333334,10.32,9.86,9.673396524486572,14.6
sh600000,浦发银行,2026-03-24,9.95,10.12,9.89,10.04,9.86,60985900,611456200,10.06,10.28,9.86,9.67397476340694,14.6
sh600000,浦发银行,2026-03-25,10.06,10.12,9.94,10.1,10.04,45678400,458610000,9.999999999999998,10.1,9.86,9.674645669291339,14.6
sh600000,浦发银行,2026-03-26,10.07,10.18,10.03,10.06,10.1,36081400,364208100,10.066666666666668,10.1,10.04,9.675251572327044,14.6
sh600000,浦发银行,2026-03-27,10.01,10.12,9.98,10.02,10.06,39243900,393449100,10.06,10.1,10.02,9.675792778649921,14.6
sh600000,浦发银行,2026-03-30,9.97,10.02,9.91,10.01,10.02,38507400,384072500,10.03,10.06,10.01,9.676316614420063,14.6
sh600000,浦发银行,2026-03-31,10.01,10.28,9.95,10.18,10.01,96580600,979341000,10.07,10.18,10.01,9.677104851330203,14.6
sh600000,浦发银行,2026-04-01,10.2,10.37,10.18,10.24,10.18,57416500,590411600,10.143333333333333,10.24,10.01,9.677984375,14.6
sh600000,浦发银行,2026-04-02,10.25,10.37,10.21,10.25,10.24,41638300,427990000,10.223333333333334,10.25,10.18,9.678876755070203,14.6
sh600000,浦发银行,2026-04-03,10.25,10.25,10.08,10.12,10.25,41151800,417212000,10.203333333333333,10.25,10.12,9.67956386292835,14.6
sh600000,浦发银行,2026-04-07,10.12,10.17,9.95,9.98,10.12,37882600,380103400,10.116666666666665,10.25,9.98,9.680031104199067,14.6
sh600000,浦发银行,2026-04-08,10.0,10.11,9.95,10.09,9.98,48272400,484910400,10.063333333333334,10.12,9.98,9.680667701863355,14.6
sh600000,浦发银行,2026-04-09,10.07,10.12,9.93,9.93,10.09,46094200,460220700,10.0,10.09,9.93,9.68105426356589,14.6
sh600000,浦发银行,2026-04-10,9.93,9.95,9.86,9.89,9.93,42658500,422430500,9.97,10.09,9.89,9.681377708978328,14.6
sh600000,浦发银行,2026-04-13,9.87,9.88,9.78,9.86,9.89,42812200,420528000,9.893333333333333,9.93,9.86,9.681653786707882,14.6
sh600000,浦发银行,2026-04-14,9.86,10.05,9.85,10.05,9.86,52251200,521789800,9.933333333333334,10.05,9.86,9.682222222222222,14.6
sh600000,浦发银行,2026-04-15,10.05,10.13,10.03,10.11,10.05,43000200,433932000,10.006666666666666,10.11,9.86,9.682881355932203,14.6
sh600000,浦发银行,2026-04-16,10.12,10.17,9.98,10.0,10.11,43702300,438981500,10.053333333333333,10.11,10.0,9.68336923076923,14.6
sh600000,浦发银行,2026-04-17,9.97,10.0,9.85,9.86,10.0,57933000,573972300,9.99,10.11,9.86,9.683640552995392,14.6
sh600000,浦发银行,2026-04-20,9.85,9.91,9.78,9.78,9.86,68116900,669899400,9.88,10.0,9.78,9.683788343558282,14.6
sh600000,浦发银行,2026-04-21,9.78,9.87,9.7,9.72,9.78,72849000,711082200,9.786666666666667,9.86,9.72,9.68384379785605,14.6
sh600000,浦发银行,2026-04-22,9.71,9.73,9.59,9.61,9.72,68590500,659873500,9.703333333333333,9.78,9.61,9.683730886850153,14.6
sh600000,浦发银行,2026-04-23,9.6,9.65,9.51,9.54,9.61,80624700,770932600,9.623333333333333,9.72,9.54,9.68351145038168,14.6
sh600000,浦发银行,2026-04-24,9.53,9.62,9.43,9.45,9.54,84859000,806720200,9.533333333333333,9.61,9.45,9.683155487804877,14.6
sh600000,浦发银行,2026-04-27,9.44,9.5,9.34,9.36,9.45,87281500,821384100,9.45,9.54,9.36,9.682663622526636,14.6
sh600000,浦发银行,2026-04-28,9.34,9.38,9.25,9.37,9.36,59455000,554217500,9.393333333333333,9.45,9.36,9.682188449848024,14.6
sh600000,浦发银行,2026-04-29,9.36,9.39,9.32,9.38,9.37,61495000,575654600,9.37,9.38,9.36,9.681729893778453,14.6
sh600000,浦发银行,2026-04-30,9.36,9.37,9.25,9.27,9.38,78438800,728939900,9.34,9.38,9.27,9.68110606060606,14.6
sh600000,浦发银行,2026-05-06,9.27,9.29,9.16,9.18,9.27,87935800,808632500,9.276666666666666,9.38,9.18,9.68034795763994,14.6
sh600000,浦发银行,2026-05-07,9.18,9.2,9.09,9.09,9.18,71972500,657929100,9.18,9.27,9.09,9.679456193353474,14.6
sh600000,浦发银行,2026-05-08,9.08,9.13,9.05,9.07,9.09,89269000,811024200,9.113333333333333,9.18,9.07,9.678536953242835,14.6
sh600000,浦发银行,2026-05-11,9.07,9.09,9.03,9.09,9.07,130287200,1181564100,9.083333333333334,9.09,9.07,9.677650602409638,14.6
sh600000,浦发银行,2026-05-12,9.08,9.11,9.02,9.03,9.09,77714000,703348400,9.063333333333333,9.09,9.03,9.676676691729323,14.6
sh600000,浦发银行,2026-05-13,9.04,9.07,9.01,9.03,9.03,84264300,760849200,9.049999999999999,9.09,9.03,9.675705705705706,14.6
sh600000,浦发银行,2026-05-14,9.02,9.13,8.92,9.02,9.03,121425500,1094540200,9.026666666666666,9.03,9.02,9.67472263868066,14.6
sh600000,浦发银行,2026-05-15,9.0,9.22,8.93,9.07,9.02,171982600,1559276700,9.04,9.07,9.02,9.67381736526946,14.6
sh600000,浦发银行,2026-05-18,9.04,9.13,9.01,9.08,9.07,122357100,1109690100,9.056666666666667,9.08,9.02,9.672929745889386,14.6
sh600000,浦发银行,2026-05-19,9.08,9.17,8.94,8.95,9.08,127456800,1151104500,9.033333333333333,9.08,8.95,9.671850746268657,14.6
sh600000,浦发银行,2026-05-20,8.93,8.97,8.85,8.94,8.95,94375300,843138800,8.99,9.08,8.94,9.670760059612519,14.6
sh600000,浦发银行,2026-05-21,8.94,8.96,8.85,8.86,8.94,82548800,736026600,8.916666666666666,8.95,8.86,9.66955357142857,14.6
sh600000,浦发银行,2026-05-22,8.88,9.03,8.75,8.96,8.86,99003400,883300200,8.92,8.96,8.86,9.668499257057949,14.6
sh600000,浦发银行,2026-05-25,8.94,9.12,8.91,9.08,8.96,92599000,839416300,8.966666666666667,9.08,8.86,9.667626112759644,14.6
sh600000,浦发银行,2026-05-26,9.1,9.32,9.09,9.27,9.08,146437400,1356643900,9.103333333333333,9.27,8.96,9.667037037037037,14.6
sh600000,浦发银行,2026-05-27,9.29,9.54,9.26,9.43,9.27,134549000,1269924800,9.26,9.43,9.08,9.666686390532545,14.6
sh600000,浦发银行,2026-05-28,9.42,9.46,9.14,9.21,9.43,83665500,776320200,9.303333333333335,9.43,9.21,9.666011816838996,14.6
sh600000,浦发银行,2026-05-29,9.18,9.38,9.13,9.37,9.21,93330300,869221200,9.336666666666666,9.43,9.21,9.665575221238939,14.6
sh600000,浦发银行,2026-06-01,9.32,9.35,9.2,9.32,9.37,75072100,697403400,9.299999999999999,9.37,9.21,9.665066273932252,14.6
sh600000,浦发银行,2026-06-02,9.3,9.43,9.26,9.31,9.32,72778200,679643000,9.333333333333334,9.37,9.31,9.66454411764706,14.6
sh600000,浦发银行,2026-06-03,9.28,9.31,9.17,9.25,9.31,71007300,656412600,9.293333333333335,9.32,9.25,9.663935389133627,14.6
sh600000,浦发银行,2026-06-04,9.27,9.3,9.19,9.19,9.25,56092600,518543800,9.25,9.31,9.19,9.663240469208212,14.6
sh600000,浦发银行,2026-06-05,9.18,9.35,9.18,9.34,9.19,74572500,692089700,9.26,9.34,9.19,9.662767203513908,14.6
sh600000,浦发银行,2026-06-08,9.3,9.43,9.23,9.37,9.34,80887000,756784900,9.299999999999999,9.37,9.19,9.66233918128655,14.6
sh600000,浦发银行,2026-06-09,9.33,9.44,9.29,9.37,9.37,70801800,664069200,9.36,9.37,9.34,9.661912408759123,14.6
sh600000,浦发银行,2026-06-10,9.37,9.59,9.34,9.59,9.37,109903500,1046292200,9.443333333333333,9.59,9.37,9.661807580174926,14.6
sh600000,浦发银行,2026-06-11,9.59,9.61,9.48,9.55,9.59,72499700,693673100,9.503333333333334,9.59,9.37,9.661644832605532,14.6
sh600000,浦发银行,2026-06-12,9.5,9.71,9.4,9.67,9.55,94049900,902245900,9.603333333333333,9.67,9.55,9.661656976744187,14.6
sh600000,浦发银行,2026-06-15,9.68,9.72,9.47,9.53,9.67,87932100,842270500,9.583333333333334,9.67,9.53,9.661465892597969,14.6
sh600000,浦发银行,2026-06-16,9.5,9.56,9.42,9.46,9.53,54423000,515638300,9.553333333333333,9.67,9.46,9.661173913043479,14.6
sh600000,浦发银行,2026-06-17,9.48,9.55,9.22,9.24,9.46,77190400,719849100,9.410000000000002,9.53,9.24,9.660564399421128,14.6
sh600000,浦发银行,2026-06-18,9.2,9.25,9.07,9.09,9.24,83656400,763280600,9.263333333333334,9.46,9.09,9.659739884393064,14.6
sh600000,浦发银行,2026-06-22,9.03,9.22,8.98,9.16,9.09,74510300,678435300,9.163333333333334,9.24,9.09,9.659018759018759,14.6
sh600000,浦发银行,2026-06-23,9.14,9.35,9.13,9.28,9.16,83391800,771415400,9.176666666666666,9.28,9.09,9.658472622478385,14.6
sh600000,浦发银行,2026-06-24,9.26,9.27,8.9,8.9,9.28,107526600,969684300,9.113333333333332,9.28,8.9,9.65738129496403,14.6
sh600000,浦发银行,2026-06-25,8.85,8.93,8.82,8.85,8.9,65829700,583249700,9.01,9.28,8.85,9.656221264367815,14.6
sh600000,浦发银行,2026-06-26,8.86,8.89,8.7,8.76,8.85,52607800,461588600,8.836666666666666,8.9,8.76,9.65493543758967,14.6
sh600000,浦发银行,2026-06-29,8.75,8.78,8.49,8.73,8.76,68098400,588719700,8.780000000000001,8.85,8.73,9.653610315186247,14.6
sh600000,浦发银行,2026-06-30,8.69,8.7,8.49,8.61,8.73,68434100,586217700,8.700000000000001,8.76,8.61,9.65211731044349,14.6
sh600000,浦发银行,2026-07-01,8.58,8.75,8.54,8.65,8.61,53417700,462328900,8.663333333333334,8.73,8.61,9.650685714285714,14.6
sh600000,浦发银行,2026-07-02,8.71,8.84,8.56,8.7,8.65,71137600,618574600,8.653333333333332,8.7,8.61,9.649329529243937,14.6
sh600000,浦发银行,2026-07-03,8.69,8.82,8.59,8.69,8.7,69513400,604291500,8.68,8.7,8.65,9.647962962962962,14.6
sh600000,浦发银行,2026-07-06,8.68,8.93,8.62,8.92,8.69,79376200,698878000,8.77,8.92,8.69,9.646927453769559,14.6
sh600000,浦发银行,2026-07-07,8.89,8.97,8.78,8.89,8.92,51779500,458252600,8.833333333333334,8.92,8.69,9.645852272727273,14.6
sh600000,浦发银行,2026-07-08,8.85,9.03,8.79,9.0,8.89,54468700,488055500,8.936666666666667,9.0,8.89,9.644936170212766,14.6
sh600000,浦发银行,2026-07-09,8.97,9.01,8.87,8.98,9.0,49029700,438687000,8.956666666666667,9.0,8.89,9.64399433427762,14.6
sh600000,浦发银行,2026-07-10,8.98,9.11,8.92,9.06,8.98,76502200,691188300,9.013333333333334,9.06,8.98,9.643168316831684,14.6
sh600000,浦发银行,2026-07-13,9.04,9.21,9.01,9.19,9.06,75762000,693325400,9.076666666666666,9.19,8.98,9.64252824858757,14.6
sh600000,浦发银行,2026-07-14,9.2,9.21,9.07,9.16,9.19,81396200,743787500,9.136666666666667,9.19,9.06,9.64184767277856,14.6
sh600000,浦发银行,2026-07-15,9.08,9.32,9.06,9.31,9.16,104758200,966740100,9.22,9.31,9.16,9.641380281690141,14.6
sh600000,浦发银行,2026-07-16,8.92,8.94,8.8,8.85,9.31,75582600,670458600,9.106666666666667,9.31,8.85,9.64026722925457,14.6
sh600000,浦发银行,2026-07-17,8.85,8.97,8.82,8.87,8.85,79624000,707799200,9.01,9.31,8.85,9.639185393258428,14.6
sh600000,浦发银行,2026-07-20,8.85,9.17,8.8,9.14,8.87,114192800,1032557000,8.953333333333333,9.14,8.85,9.638485273492286,14.6
sh600000,浦发银行,2026-07-21,9.12,9.22,8.9,8.95,9.14,109608700,990231600,8.986666666666666,9.14,8.87,9.637521008403361,14.6
sh600000,浦发银行,2026-07-22,8.93,9.01,8.78,9.01,8.95,79311100,705276500,9.033333333333333,9.14,8.95,9.636643356643356,14.6
sh600000,浦发银行,2026-07-23,8.92,9.06,8.91,9.05,9.01,50118900,451566800,9.003333333333334,9.05,8.95,9.63582402234637,14.6
sh600000,浦发银行,2026-07-24,9.08,9.12,9.02,9.04,9.05,50675100,459278100,9.033333333333333,9.05,9.01,9.634993026499302,14.6
sh600000,浦发银行,2026-07-27,9.0,9.13,8.96,9.05,9.04,55723100,504617100,9.046666666666667,9.05,9.04,9.6341782729805,14.6
sh600000,浦发银行,2026-07-28,9.12,9.21,9.04,9.19,9.05,102060400,934214800,9.093333333333334,9.19,9.04,9.63356050069541,14.6
sh600000,浦发银行,2026-07-29,9.19,9.35,9.17,9.28,9.19,110962700,1031569500,9.173333333333334,9.28,9.05,9.633069444444445,14.6
sh600000,浦发银行,2026-07-30,9.26,9.72,9.25,9.71,9.28,161746200,1544913300,9.393333333333333,9.71,9.19,9.633176144244105,14.6
sh600000,浦发银行,2026-07-31,9.59,9.59,9.28,9.51,9.71,138263800,1299502600,9.5,9.71,9.28,9.633005540166204,14.6
sh600000,浦发银行,2026-08-03,9.51,9.65,9.45,9.63,9.51,89862800,859264600,9.616666666666667,9.71,9.51,9.633001383125864,14.6
sh600000,浦发银行,2026-08-04,9.56,9.58,9.35,9.4,9.63,83461300,787122900,9.513333333333334,9.63,9.4,9.63267955801105,14.6
sh600000,浦发银行,2026-08-05,9.49,9.49,9.23,9.26,9.4,79549900,739028400,9.430000000000001,9.63,9.26,9.63216551724138,14.6
sh600000,浦发银行,2026-08-06,9.28,9.35,9.16,9.29,9.26,67232900,621683300,9.316666666666666,9.4,9.26,9.631694214876033,14.6
sh600000,浦发银行,2026-08-07,9.26,9.29,9.14,9.21,9.29,56545700,520694700,9.253333333333332,9.29,9.21,9.63111416781293,14.6
